    DROP database IF EXISTS project;
    CREATE database project;
    USE project;
    SET foreign_key_checks = 0;

    drop table if exists company;
    CREATE TABLE company (
        company_id INTEGER PRIMARY KEY auto_increment,
        company_name VARCHAR(255) NOT NULL,
        company_website VARCHAR(255),
        organization_type VARCHAR(255) NOT NULL,
        industry_type VARCHAR(255) NOT NULL,
        country VARCHAR(255) NOT NULL,
        company_pincode VARCHAR(15) NOT NULL,
        address_line_1 VARCHAR(255) NOT NULL,
        address_line_2 VARCHAR(255) NOT NULL,
        address_line_3 VARCHAR(255) NOT NULL,
        company_details VARCHAR(1000) NOT NULL
    );

    INSERT INTO company 
    (company_name, company_website, organization_type, industry_type, country, company_pincode, address_line_1, address_line_2, address_line_3, company_details) 
    VALUES 
    ('Apple Inc.', 'https://www.apple.com/', 'Corporation', 'Technology', 'USA', '95014', '1 Infinite Loop', 'Cupertino', 'California', 'Apple Inc. is an American multinational technology company that designs, develops, and sells consumer electronics, computer software, and online services.'),
    ('Microsoft Corporation', 'https://www.microsoft.com/', 'Corporation', 'Technology', 'USA', '98052', 'One Microsoft Way', 'Redmond', 'Washington', 'Microsoft Corporation is an American multinational technology company that develops, licenses, and sells computer software, consumer electronics, and personal computers.'),
    ('Alphabet Inc.', 'https://abc.xyz/', 'Corporation', 'Technology', 'USA', '94043', '1600 Amphitheatre Parkway', 'Mountain View', 'California', 'Alphabet Inc. is an American multinational conglomerate that owns and operates a range of companies primarily involved in Internet-related services and products.'),
    ('Tesla Inc.', 'https://www.tesla.com/', 'Corporation', 'Automotive', 'USA', '94304', '3500 Deer Creek Road', 'Palo Alto', 'California', 'Tesla Inc. is an American electric vehicle and clean energy company that designs and manufactures electric cars, battery energy storage, and solar panels.'),
    ('Amazon.com Inc.', 'https://www.amazon.com/', 'Corporation', 'Retail', 'USA', '98109', '410 Terry Avenue North', 'Seattle', 'Washington', 'Amazon.com Inc. is an American multinational technology company that focuses on e-commerce, cloud computing, digital streaming, and artificial intelligence.'),
    ('Samsung Electronics', 'https://www.samsung.com/', 'Corporation', 'Technology', 'South Korea', '135-090', '129, Samsung-ro', 'Yeongtong-gu', 'Suwon-si', 'Samsung Electronics is a South Korean multinational electronics company that specializes in the production of a wide range of consumer electronics, home appliances, and telecommunications equipment.'),
    ('Toyota Motor Corporation', 'https://global.toyota/en/', 'Corporation', 'Automotive', 'Japan', '471-8571', '1 Toyota-cho', 'Toyota City', 'Aichi Prefecture', 'Toyota Motor Corporation is a Japanese multinational automotive manufacturer that produces a diverse range of automobiles, including cars, trucks, and buses.'),
    ('The Coca-Cola Company', 'https://www.coca-colacompany.com/', 'Corporation', 'Beverage', 'USA', '30313', 'One Coca-Cola Plaza', 'Atlanta', 'Georgia', 'The Coca-Cola Company is an American multinational beverage corporation that produces and markets a range of non-alcoholic beverages, including carbonated drinks, juices, and bottled water.'),
    ('Nestle S.A.', 'https://www.nestle.com/', 'Corporation', 'Food', 'Switzerland', '1800', 'Avenue Nestle 55', 'Vevey', 'Vaud', 'Nestle S.A. is a Swiss multinational food and drink processing conglomerate that specializes in the production of a wide range of packaged foods, including chocolate, coffee, and dairy products.'),
    ('Boeing Company', 'https://www.boeing.com/', 'Corporation', 'Aerospace', 'USA', '60616', '100 North Riverside', 'Chicago', 'Illinois', 'The Boeing Company is an American multinational corporation that designs, manufactures, and sells airplanes, rockets, and satellites.'),
    ('Procter & Gamble Co.', 'https://us.pg.com/', 'Corporation', 'Consumer goods', 'USA', '45202', 'One Procter & Gamble Plaza', 'Cincinnati', 'Ohio', 'Procter & Gamble Co. is an American multinational consumer goods corporation that produces a wide range of cleaning and personal care products, including detergents, toothpaste, and deodorants.'),
    ('Ford Motor Company', 'https://www.ford.com/', 'Corporation', 'Automotive', 'USA', '48126', '20900 Oakwood Boulevard', 'Dearborn', 'Michigan', 'Ford Motor Company is an American multinational automobile manufacturer that produces a diverse range of cars, trucks, and SUVs.'),
    ('Intel Corporation', 'https://www.intel.com/', 'Corporation', 'Technology', 'USA', '95052', '2200 Mission College Boulevard', 'Santa Clara', 'California', 'Intel Corporation is an American multinational technology company that designs and manufactures microprocessors, system-on-chip solutions, and other computing and communications products.'),
    ('McDonalds Corporation', 'https://www.mcdonalds.com/', 'Corporation', 'Fast food', 'USA', '60606', '110 North Carpenter Street', 'Chicago', 'Illinois', 'McDonalds Corporation is an American fast food company that operates a chain of restaurants serving hamburgers, French fries, and other fast food items.');


    drop table if exists opportunity;
    CREATE TABLE opportunity(
        opp_id INTEGER primary KEY auto_increment,
        opp_type ENUM('internship', 'placement') NOT NULL,
        opp_title VARCHAR(255) NOT NULL,
        address_line_1 VARCHAR(255) NOT NULL,
        address_line_2 VARCHAR(255) NOT NULL,
        address_line_3 VARCHAR(255) NOT NULL,
        company_id integer,
        poc_email_id varchar(255) ,
        foreign key (company_id) references company(company_id) on update cascade
    );

    INSERT INTO opportunity (opp_type, opp_title, address_line_1, address_line_2, address_line_3, poc_email_id,company_id)
    VALUES ('internship', 'Software Engineering Intern', '123 Main St.', '', '','banthia.shruhrid@gmail.com', 1),('placement', 'Sales Representative', '246 Maple Rd.', '', '', 'banthia.shruhrid@gmail.com',1);
    
    INSERT INTO opportunity (opp_type, opp_title, address_line_1, address_line_2, address_line_3, company_id)
    VALUES 
    ('internship', 'Software Engineering Intern', '123 Main St.', '', 'banthia.shruhrid@gmail.com', 1),
    ('placement', 'Marketing Manager', '456 Oak Ave.', '', '', 2),
    ('internship', 'Data Science Intern', '789 Elm St.', '', '', 3),
    ('placement', 'Sales Representative', '246 Maple Rd.', '', '', 4),
    ('internship', 'Product Management Intern', '135 Cedar Ln.', '', '', 5),
    ('internship', 'Software Engineering Internship', '1 Infinite Loop', 'Cupertino', 'California', 6),
    ('placement', 'Hardware Engineer Placement', 'One Microsoft Way', 'Redmond', 'Washington', 7),
    ('internship', 'Data Science Internship', '1600 Amphitheatre Parkway', 'Mountain View', 'California', 8),
    ('placement', 'Marketing Placement', '3500 Deer Creek Road', 'Palo Alto', 'California', 9),
    ('internship', 'Software Development Internship', '410 Terry Avenue North', 'Seattle', 'Washington', 1),
    ('placement', 'Product Manager Placement', '1 Infinite Loop', 'Cupertino', 'California', 2),
    ('internship', 'Data Analyst Internship', 'One Microsoft Way', 'Redmond', 'Washington', 2),
    ('placement', 'Hardware Design Placement', '1600 Amphitheatre Parkway', 'Mountain View', 'California', 3),
    ('internship', 'Mobile App Development Internship', '3500 Deer Creek Road', 'Palo Alto', 'California', 4),
    ('placement', 'Business Development Placement', '410 Terry Avenue North', 'Seattle', 'Washington', 5);
    


    drop table if exists requirements;
    CREATE TABLE requirements(
        req_id INTEGER PRIMARY KEY auto_increment,
        opp_id integer,
        min_cpi_req DECIMAL(3, 1) 
        CHECK (min_cpi_req >= 0 AND min_cpi_req <= 10),
        active_backlog ENUM('yes','no') NOT NULL,
        program_req ENUM('btech','mtech','phd') NOT NULL,
        dept_req ENUM('CSE','EE','ME','CE','CVE','MSE', 'OTHER') NOT NULL,
        year_req varchar(4) CHECK (year_req REGEXP '^[0-9]{4}$') NOT NULL,
        salary BIGINT(10) NOT NULL,
        opp_status ENUM('open', 'close') NOT NULL,
        opp_req varchar(1000),
        posted_on DATE NOT NULL,
        deadline DATE NOT NULL,
        foreign key (opp_id) references opportunity(opp_id) on update cascade on delete cascade  
    );
    INSERT INTO requirements (opp_id, min_cpi_req, active_backlog, program_req, dept_req, year_req, salary, opp_status, opp_req, posted_on, deadline)
    VALUES
    (1, 8.0, 'yes', 'btech', 'CSE', '2023', 500000, 'open', 'Strong programming skills in Java required', '2023-03-01', '2023-03-31'),
    (2, 7.5, 'no', 'mtech', 'EE', '2022', 700000, 'open', 'Experience with Google Analytics required', '2023-02-15', '2023-03-15'),
    (3, 8.5, 'no', 'phd', 'ME', '2024', 800000, 'open', 'Experience with Python and data analysis required', '2023-03-10', '2023-04-30'),
    (4, 7.0, 'yes', 'btech', 'CVE', '2023', 600000, 'open', 'Experience in sales or marketing preferred', '2023-03-05', '2023-04-05'),
    (5, 8.0, 'no', 'btech', 'MSE', '2023', 550000, 'open', 'Strong analytical and problem-solving skills required', '2023-03-08', '2023-04-08'),
    (6, 7.5, 'yes', 'mtech', 'CSE', '2022', 650000, 'open', 'Experience with machine learning algorithms and frameworks required', '2023-03-12', '2023-04-12'),
    (7, 8.0, 'no', 'btech', 'EE', '2023', 550000, 'open', 'Experience with embedded systems programming required', '2023-03-14', '2023-04-14'),
    (8, 7.0, 'yes', 'btech', 'ME', '2023', 600000, 'open', 'Strong communication skills and ability to work in a team required', '2023-03-16', '2023-04-16'),
    (9, 8.5, 'no', 'phd', 'CSE', '2024', 850000, 'open', 'Experience with natural language processing and deep learning required', '2023-03-18', '2023-04-18'),
    (10, 7.5, 'no', 'mtech', 'CVE', '2022', 700000, 'open', 'Experience with project management and agile methodology required', '2023-03-20', '2023-04-20'),
    (11, 8.0, 'yes', 'btech', 'MSE', '2023', 600000, 'open', 'Strong understanding of data structures and algorithms required', '2023-03-22', '2023-04-22'),
    (12, 7.0, 'no', 'btech', 'EE', '2023', 500000, 'open', 'Experience with PCB design and testing required', '2023-03-24', '2023-04-24'),
    (13, 8.5, 'no', 'phd', 'ME', '2024', 800000, 'open', 'Experience with finite element analysis and simulation required', '2023-03-26', '2023-04-26'),
    (14, 7.5, 'yes', 'mtech', 'EE', '2022', 650000, 'open', 'Experience with RF circuit design and testing required', '2023-03-28', '2023-04-28'),
    (15, 8.0, 'no', 'btech', 'OTHER', '2023', 550000, 'open', 'Strong understanding of web development and experience with React required', '2023-03-30', '2023-04-30');

    drop table if exists point_of_contact;
    CREATE TABLE point_of_contact (
    employee_first_name VARCHAR(255),
    employee_middle_name VARCHAR(255),
    employee_last_name VARCHAR(255),
    employee_designation VARCHAR(255),
    opp_id INT,
    poc_email_id VARCHAR(255) CHECK (poc_email_id REGEXP '^[A-Za-z0-9._%+-]+@[A-Za-z0-9.-]+\.[A-Za-z]{2,}$') PRIMARY KEY
    );

    INSERT INTO point_of_contact VALUES ('John', '', 'Doe', 'HR Manager', 1, 'banthia.shruhrid@gmail.com');
    INSERT INTO point_of_contact VALUES ('Jane', '', 'Smith', 'Recruiter', 2, 'jane.smith@example.com');
    INSERT INTO point_of_contact VALUES ('David', '', 'Lee', 'Internship Coordinator', 3, 'david.lee@example.com');
    INSERT INTO point_of_contact VALUES ('Rachel', 'K', 'Johnson', 'Placement Coordinator', 4, 'rachel.johnson@example.com');
    INSERT INTO point_of_contact VALUES ('Michael', 'S', 'Brown', 'Placement Manager', 5, 'michael.brown@example.com');

    drop table if exists selection_procedure;
    CREATE TABLE selection_procedure (
        round_type VARCHAR(255) NOT NULL,
        round_venue_link VARCHAR(255),
        round_number INTEGER NOT NULL,
        round_date DATE NOT NULL,
        opp_id integer,
        PRIMARY KEY (round_type, round_number),
        foreign key (opp_id) references opportunity(opp_id) on update cascade on delete cascade      
    );

    INSERT INTO selection_procedure (round_type, round_venue_link, round_number, round_date, opp_id) 
    VALUES ('Online Test', 'https://example.com/test', 1, '2023-03-15', 1);
    INSERT INTO selection_procedure (round_type, round_venue_link, round_number, round_date, opp_id) 
    VALUES ('Technical Interview', NULL, 2, '2023-03-20', 2);
    INSERT INTO selection_procedure (round_type, round_venue_link, round_number, round_date, opp_id) 
    VALUES ('Group Discussion', 'https://example.com/gd', 1, '2023-03-25', 3);
    INSERT INTO selection_procedure (round_type, round_venue_link, round_number, round_date, opp_id) 
    VALUES ('HR Interview', NULL, 2, '2023-03-30', 4);
    INSERT INTO selection_procedure (round_type, round_venue_link, round_number, round_date, opp_id) 
    VALUES ('Technical Test', 'https://example.com/tech-test', 1, '2023-04-05', 5);

    drop table if exists student;
    CREATE TABLE student (
        student_id INTEGER PRIMARY KEY,
        student_email_id VARCHAR(255),
        student_first_name VARCHAR(255) NOT NULL,
        student_middle_name VARCHAR(255),
        student_last_name VARCHAR(255) NOT NULL,
        student_image VARCHAR(255),
        dept ENUM('CSE','EE','ME','CE','CVE','MSE') NOT NULL,
        CPI DECIMAL(3,2) CHECK (CPI >= 0 AND CPI <= 10) NOT NULL,
        active_backlogs ENUM('yes','no') NOT NULL,
        gender ENUM('male','female','other') NOT NULL,
        study_year INTEGER NOT NULL
    );



    INSERT INTO student (student_id, student_email_id, student_first_name, student_middle_name, student_last_name, student_image, dept, CPI, active_backlogs, gender, study_year)
    VALUES
    (1, 'mihirsutaria07@gmail.com','Samantha', '', 'Johnson', 'https://drive.google.com/uc?export=view&id=18bYTlYqoilSHHO2rBEGKYRW_JE4FZ05i', 'CSE', 9.8, 'no', 'female', 3),
    (2, 'shruhrid.banthia@iitgn.ac.in','Shruhrid', 'bunty', 'Doe', NULL, 'EE', 9.9, 'yes', 'male', 2),
    (3, 'dhyeykumar.thummar@iitgn.ac.in','Sarah', '', 'Wilson',NULL, 'CE', 8.2, 'no', 'female', 4),
    (4, 'a','Mihir', 'Michael', 'Taylor', NULL, 'CSE', 9.9, 'yes', 'male', 3),
    (5, 'dhyeythummar8@gmail.com','Emily', 'Rose', 'Clark', NULL, 'MSE', 9.1, 'no', 'female', 2);

    drop table if exists placement;
    CREATE TABLE placement (
        placement_id INTEGER PRIMARY KEY auto_increment,
        method ENUM('ppo','interview') NOT NULL,
        medium_ ENUM('internal', 'external') NOT NULL,
        salary DECIMAL(10,2) NOT NULL,
        company_name VARCHAR(255) NOT NULL,
        student_id integer,
        foreign key (student_id)  references student(student_id) on update cascade on delete cascade
    );
    INSERT INTO placement (method, medium_, salary, company_name, student_id) 
    VALUES ('ppo', 'internal', 700000, 'Apple Inc.', 1);

    INSERT INTO placement (method, medium_, salary, company_name, student_id) 
    VALUES ('interview', 'external', 800000, 'XYZ Corp.', 2);

    drop table if exists internship;
    CREATE TABLE internship (
        internship_id INTEGER PRIMARY KEY,
        timeline VARCHAR(255) NOT NULL,
        method ENUM('internal','external') NOT NULL,
        salary DECIMAL(8,2) NOT NULL,
        company_name VARCHAR(255) NOT NULL,
        student_id integer,
        foreign key (student_id)  references student(student_id) on update cascade on delete cascade
    );
    INSERT INTO internship (internship_id, timeline, method, salary, company_name, student_id)
    VALUES
    (1, 'Summer 2022', 'internal', 50000, 'Microsoft Corporation', 3),
    (2, 'Fall 2022', 'external', 45000, 'XYZ Corp', 4);

    drop table if exists resume;
    CREATE TABLE resume (
        resume_id INTEGER PRIMARY KEY auto_increment,
        resume_file VARCHAR(255) CHECK (resume_file REGEXP '^(http|https)://.+') NOT NULL,
        resume_file_name VARCHAR(255) NOT NULL
    );
    INSERT INTO resume (resume_id, resume_file, resume_file_name) 
    VALUES (1, 'https://example.com/resume1.pdf', 'John_Doe_Resume.pdf');
    INSERT INTO resume (resume_id, resume_file, resume_file_name) 
    VALUES (2, 'https://example.com/resume2.pdf', 'Jane_Doe_Resume.pdf');
    
    drop table if exists application;
    CREATE TABLE application (
        student_id INTEGER NOT NULL,
        resume_id INTEGER NOT NULL,
        PRIMARY KEY (student_id, resume_id),
        foreign key (student_id) references student(student_id) on update cascade on delete cascade,
        foreign key (resume_id) references Resume(resume_id) on update cascade on delete cascade
    );
    INSERT INTO application (student_id, resume_id) 
    VALUES (1, 1);
    INSERT INTO application (student_id,resume_id) 
    VALUES (2, 2);

    drop table if exists app_opp;
    create table app_opp(
        student_id INTEGER NOT NULL,
        resume_id INTEGER NOT NULL,
        OPP__ID integer,
        round_number_reached integer,
        status ENUM('eligible','not eligible','selected','rejected'),
        foreign key (student_id, resume_id) references application(student_id, resume_id) on update cascade on delete cascade,
        foreign key (OPP__ID) references opportunity(opp_id) on update cascade on delete cascade
    );
    INSERT INTO app_opp (student_id,  resume_id, OPP__ID, round_number_reached, status)
    VALUES (1, 1, 1, 2, 'selected');
    INSERT INTO app_opp (student_id, resume_id, OPP__ID, round_number_reached, status)
    VALUES (2, 2, 2, 0, 'eligible');

    INSERT INTO student (student_id, student_first_name, student_middle_name, student_last_name, student_image, dept, CPI, active_backlogs, gender, study_year)
    VALUES
    (6,'nywxd','kszyt','gpsxd',NULL,'ME',9,'yes','male',3),
    (7,'rpwac','uwdrk','jmdeo',NULL,'ME',7,'no','other',4),
    (8,'othek','yesdb','dntrh',NULL,'ME',8,'yes','female',1),
    (9,'byahc','hcanc','wzpeh',NULL,'ME',8,'no','male',2),
    (10,'zfrrt','mrwbs','nmpbz',NULL,'ME',6,'yes','other',3),
    (11,'xseav','cpwxp','zsugc',NULL,'ME',7,'no','female',4),
    (12,'ozznf','qqnqj','zdnpm',NULL,'ME',8,'yes','male',1),
    (13,'qzbik','afjln','barux',NULL,'ME',6,'no','other',2),
    (14,'flzbh','ikgyn','igxnf',NULL,'ME',7,'yes','female',3),
    (15,'gcspk','yqpvr','jhvlz',NULL,'ME',9,'no','male',4),
    (16,'tlfhl','bodnx','gcvzw',NULL,'ME',8,'yes','other',1),
    (17,'rfzle','lysts','yghzp',NULL,'ME',8,'no','female',2),
    (18,'mugij','taywz','udhue',NULL,'ME',9,'yes','male',3),
    (19,'xuumf','ruqnx','sqlxi',NULL,'ME',6,'no','other',4),
    (20,'qhbjb','xttdn','vrgub',NULL,'ME',8,'yes','female',1),
    (21,'jxyhd','tcaxx','tbrmp',NULL,'ME',6,'no','male',2),
    (22,'ibdeo','uwkak','zsdpw',NULL,'ME',6,'yes','other',3),
    (23,'ylpuu','trjhd','prebq',NULL,'ME',7,'no','female',4),
    (24,'fcavy','mjejs','vypnv',NULL,'ME',9,'yes','male',1),
    (25,'eqevf','femyb','rudkf',NULL,'ME',9,'no','other',2),
    (26,'ntodb','fovsk','lqheh',NULL,'ME',9,'yes','female',3),
    (27,'yehnv','kiiol','tpwug',NULL,'ME',7,'no','male',4),
    (28,'kfwlv','fkhhd','wqxfl',NULL,'ME',7,'yes','other',1),
    (29,'szsqt','llqzf','fzjny',NULL,'ME',6,'no','female',2),
    (30,'tehvc','xzfoa','dryoe',NULL,'ME',8,'yes','male',3),
    (31,'qxavi','evite','rlgaz',NULL,'ME',9,'no','other',4),
    (32,'ncdzc','chwdj','kvtdd',NULL,'ME',6,'yes','female',1),
    (33,'ooiuj','vtsio','wtxex',NULL,'ME',8,'no','male',2),
    (34,'smfbh','xbwwj','rcmva',NULL,'ME',6,'yes','other',3),
    (35,'xnubk','vygki','hngko',NULL,'ME',6,'no','female',4),
    (36,'kcvas','aclci','jvtdq',NULL,'ME',9,'yes','male',1),
    (37,'xqxtc','hosmb','locfv',NULL,'ME',6,'no','other',2),
    (38,'tywig','lvfxl','apguv',NULL,'ME',7,'yes','female',3),
    (39,'yxeoo','nyhtp','zvyvd',NULL,'ME',8,'no','male',4),
    (40,'ozpev','anxlx','lcliq',NULL,'ME',9,'yes','other',1),
    (41,'aephi','ydahq','wuabs',NULL,'ME',8,'no','female',2),
    (42,'kkxgm','dagnx','pdcwt',NULL,'ME',7,'yes','male',3),
    (43,'prrqi','mjeyi','mdxye',NULL,'ME',7,'no','other',4),
    (44,'lldbx','ncdvk','edhfw',NULL,'ME',7,'yes','female',1),
    (45,'twkhg','dpkys','owvgj',NULL,'ME',9,'no','male',2),
    (46,'eiymg','rlqze','gxnav',NULL,'ME',9,'yes','other',3),
    (47,'esgom','xjjdf','mltmr',NULL,'ME',7,'no','female',4),
    (48,'ropnz','dfkua','tiupz',NULL,'ME',7,'yes','male',1),
    (49,'pzjon','qrcnm','pphme',NULL,'ME',9,'no','other',2),
    (50,'ijzdu','nscpx','fvfxq',NULL,'ME',9,'yes','female',3),
    (51,'gdcri','kjsti','ujqfy',NULL,'ME',8,'no','male',4),
    (52,'snqgn','zcmra','oyvaj',NULL,'ME',7,'yes','other',1),
    (53,'nasxq','tdrmf','wjbzq',NULL,'ME',9,'no','female',2),
    (54,'ggygj','gbpxg','srnkp',NULL,'ME',9,'yes','male',3),
    (55,'mpfpa','ubnci','estqe',NULL,'ME',8,'no','other',4),
    (56,'nrbsq','rqflf','qzysl',NULL,'ME',7,'yes','female',1),
    (57,'kpgtf','zwclk','pquqn',NULL,'ME',9,'no','male',2),
    (58,'ygyrc','iztgs','eseac',NULL,'ME',7,'yes','other',3),
    (59,'tfzho','sirqk','ouqvx',NULL,'ME',6,'no','female',4),
    (60,'relfo','quwhx','xjkts',NULL,'ME',8,'yes','male',1),
    (61,'sttmf','pfgfz','zyzvc',NULL,'ME',9,'no','other',2),
    (62,'jikiv','szkha','ghsyb',NULL,'ME',7,'yes','female',3),
    (63,'vckfr','kitwq','igugg',NULL,'ME',6,'no','male',4),
    (64,'vjlct','wpdmk','hrhva',NULL,'ME',6,'yes','other',1),
    (65,'uqlma','qdkfk','bcldq',NULL,'ME',9,'no','female',2),
    (66,'ilgyw','bponf','bwjkq',NULL,'ME',7,'yes','male',3),
    (67,'mlvox','vlokz','cxvxw',NULL,'ME',9,'no','other',4),
    (68,'uqnit','oqyms','khnmp',NULL,'ME',6,'yes','female',1),
    (69,'auote','nlqnb','ywejn',NULL,'ME',7,'no','male',2),
    (70,'zmpay','kkiui','bhlmn',NULL,'ME',9,'yes','other',3),
    (71,'abtkx','rvovx','xbdgv',NULL,'ME',9,'no','female',4),
    (72,'fyjsv','ixmfv','vgmel',NULL,'ME',7,'yes','male',1),
    (73,'fsnlh','yslvs','dnpkl',NULL,'ME',9,'no','other',2),
    (74,'mxijd','crevy','ajyvo',NULL,'ME',7,'yes','female',3),
    (75,'axmos','bxczf','svdoq',NULL,'ME',7,'no','male',4),
    (76,'udcbe','pqxmc','mrjkz',NULL,'ME',8,'yes','other',1),
    (77,'xtgvr','fvsrs','uemmr',NULL,'ME',9,'no','female',2),
    (78,'toxwm','fcowy','bdkvr',NULL,'ME',6,'yes','male',3),
    (79,'susvp','bntrl','qestr',NULL,'ME',8,'no','other',4),
    (80,'bnyqv','qmkme','yddgz',NULL,'ME',8,'yes','female',1),
    (81,'cmwjb','hntxw','vvfpb',NULL,'ME',6,'no','male',2),
    (82,'stbqe','ojsor','jafoe',NULL,'ME',7,'yes','other',3),
    (83,'vahxi','akgla','znpci',NULL,'ME',8,'no','female',4),
    (84,'calhv','nnllq','lvlwq',NULL,'ME',6,'yes','male',1),
    (85,'rjwat','wpsoe','brppq',NULL,'ME',6,'no','other',2),
    (86,'gdkcf','hcqrj','wzmmu',NULL,'ME',8,'yes','female',3),
    (87,'rkqpn','rvpco','ahxwc',NULL,'ME',7,'no','male',4),
    (88,'isaad','juaee','fbilh',NULL,'ME',6,'yes','other',1),
    (89,'ynrus','ottos','akylx',NULL,'ME',7,'no','female',2),
    (90,'xvceo','qmsqs','jhnus',NULL,'ME',8,'yes','male',3),
    (91,'dnsuy','ixncb','lmkxs',NULL,'ME',7,'no','other',4),
    (92,'itnrr','picqg','doeep',NULL,'ME',8,'yes','female',1),
    (93,'mrkvu','aamqm','syuun',NULL,'ME',7,'no','male',2),
    (94,'cxjex','axdgf','pwgvn',NULL,'ME',9,'yes','other',3),
    (95,'vtufa','bpezd','clpeo',NULL,'ME',6,'no','female',4),
    (96,'rvocz','jiriz','grtwv',NULL,'ME',6,'yes','male',1),
    (97,'lngwg','eazih','ykjmp',NULL,'ME',8,'no','other',2),
    (98,'xtbof','bffrn','plxwd',NULL,'ME',7,'yes','female',3),
    (99,'zlsrw','bkfzn','wgosp',NULL,'ME',6,'no','male',4),
    (100,'lckqj','zygce','lmmek',NULL,'ME',6,'yes','other',1),
    (101,'mpvqd','btdaj','grtam',NULL,'ME',6,'no','female',2),
    (102,'hvrnb','xasnb','wnudh',NULL,'ME',7,'yes','male',3),
    (103,'myozv','sktls','pjlyf',NULL,'ME',6,'no','other',4),
    (104,'dcivx','wugrb','ycjaw',NULL,'ME',7,'yes','female',1),
    (105,'sdifx','yaoax','hxkob',NULL,'ME',6,'no','male',2),
    (106,'vdwho','kqark','ffhqi',NULL,'ME',8,'yes','other',3),
    (107,'lhlle','hkdor','woafh',NULL,'ME',6,'no','female',4),
    (108,'ugfmh','ayzxq','sayvs',NULL,'ME',7,'yes','male',1),
    (109,'smzon','oenon','cbdas',NULL,'ME',7,'no','other',2),
    (110,'quuel','qoyxl','gbnqk',NULL,'ME',9,'yes','female',3),
    (111,'naork','ocijn','tuudg',NULL,'ME',9,'no','male',4),
    (112,'ijwsi','imenw','oenpb',NULL,'ME',9,'yes','other',1),
    (113,'dmwjq','yqion','pmcdx',NULL,'ME',7,'no','female',2),
    (114,'fqdqr','ckwxe','atqep',NULL,'ME',7,'yes','male',3),
    (115,'ozego','twfoz','abvvm',NULL,'ME',7,'no','other',4),
    (116,'jqmnp','zqkdu','kzxdy',NULL,'ME',9,'yes','female',1),
    (117,'pwubl','ggess','jttid',NULL,'ME',7,'no','male',2),
    (118,'lyxsw','ygkhe','ciray',NULL,'ME',8,'yes','other',3),
    (119,'zbfnv','amlbn','mahqh',NULL,'ME',6,'no','female',4),
    (120,'buedf','pkyfx','mdufi',NULL,'ME',6,'yes','male',1),
    (121,'vgwjx','gvllh','foeuc',NULL,'ME',6,'no','other',2),
    (122,'jdmxi','wswfr','ahrca',NULL,'ME',8,'yes','female',3),
    (123,'dcuqf','dmecx','dukxp',NULL,'ME',6,'no','male',4),
    (124,'yreod','erhpz','nztbe',NULL,'ME',8,'yes','other',1),
    (125,'eybdq','tcgov','kvshe',NULL,'ME',6,'no','female',2),
    (126,'eavaq','airpo','mfbqg',NULL,'ME',7,'yes','male',3),
    (127,'kwjek','abssr','bgdqt',NULL,'ME',8,'no','other',4),
    (128,'cyrsy','pwfip','bfeww',NULL,'ME',6,'yes','female',1),
    (129,'rnndd','lfnnb','vxiew',NULL,'ME',8,'no','male',2),
    (130,'dipmk','nrxgl','sjfcl',NULL,'ME',8,'yes','other',3),
    (131,'vpgky','zmchu','oogjg',NULL,'ME',8,'no','female',4),
    (132,'yapmb','zgjgz','mqpyw',NULL,'ME',7,'yes','male',1),
    (133,'ptgbj','jgrlu','htccb',NULL,'ME',9,'no','other',2),
    (134,'suxpc','sbadf','pewtv',NULL,'ME',7,'yes','female',3),
    (135,'ucyxr','huhuk','mjwpj',NULL,'ME',9,'no','male',4),
    (136,'kvlzo','fpnfq','cjepx',NULL,'ME',9,'yes','other',1),
    (137,'hyhvh','oeyfu','cjbds',NULL,'ME',8,'no','female',2),
    (138,'hsdau','mrhie','ncwvt',NULL,'ME',8,'yes','male',3),
    (139,'xhajt','pyhkh','sdcyn',NULL,'ME',8,'no','other',4),
    (140,'swjeh','phfoh','pjzlf',NULL,'ME',7,'yes','female',1),
    (141,'rsyrp','qhbop','qocoo',NULL,'ME',9,'no','male',2),
    (142,'hsaso','bvxrw','tbamw',NULL,'ME',6,'yes','other',3),
    (143,'otrpv','uinmx','erdnr',NULL,'ME',9,'no','female',4),
    (144,'dozlo','srgmn','lmmkp',NULL,'ME',8,'yes','male',1),
    (145,'deqwe','ojuvb','hmhqq',NULL,'ME',8,'no','other',2),
    (146,'acvij','ajmyv','avhgp',NULL,'ME',6,'yes','female',3),
    (147,'vilky','mgcyz','phuqa',NULL,'ME',8,'no','male',4),
    (148,'pkbeq','iwgdg','nyavi',NULL,'ME',8,'yes','other',1),
    (149,'qrpny','wllbx','fkkhx',NULL,'ME',6,'no','female',2),
    (150,'xeubq','gjyhm','lugdy',NULL,'ME',7,'yes','male',3),
    (151,'jzjtc','ispyc','jpugl',NULL,'ME',7,'no','other',4),
    (152,'zydjr','keeua','ndakr',NULL,'ME',7,'yes','female',1),
    (153,'yobeb','jffnk','ejzll',NULL,'ME',7,'no','male',2),
    (154,'fsmwu','dnjtb','aqxni',NULL,'ME',7,'yes','other',3),
    (155,'ehuxx','mpbop','igtgw',NULL,'ME',8,'no','female',4),
    (156,'rnhzu','khmhu','vjxpo',NULL,'ME',6,'yes','male',1),
    (157,'ghknn','lvnwx','yhrmx',NULL,'ME',8,'no','other',2),
    (158,'rqduk','vxqrc','pzfap',NULL,'ME',9,'yes','female',3),
    (159,'nccss','hizew','kvdoa',NULL,'ME',8,'no','male',4),
    (160,'kammw','jllgz','tzqfo',NULL,'ME',7,'yes','other',1),
    (161,'tuxft','kjvob','tmzao',NULL,'ME',8,'no','female',2),
    (162,'weyvf','xcleq','jnnrs',NULL,'ME',8,'yes','male',3),
    (163,'sekxz','rqger','xdtcj',NULL,'ME',8,'no','other',4),
    (164,'wbptw','luoma','sjrow',NULL,'ME',7,'yes','female',1),
    (165,'vkmod','ytkxf','fjagp',NULL,'ME',6,'no','male',2),
    (166,'zleva','tsgyb','dxyfd',NULL,'ME',9,'yes','other',3),
    (167,'sdyze','dbori','bzdzd',NULL,'ME',7,'no','female',4),
    (168,'hgrzv','yiwzt','rgvlh',NULL,'ME',6,'yes','male',1),
    (169,'wjqli','qofxb','exrwf',NULL,'ME',7,'no','other',2),
    (170,'kyqto','ldhnl','lzrpz',NULL,'ME',6,'yes','female',3),
    (171,'lokth','erytr','nmcpw',NULL,'ME',6,'no','male',4),
    (172,'rksfg','bflkb','jhjci',NULL,'ME',7,'yes','other',1),
    (173,'bewow','spcmp','abhoc',NULL,'ME',9,'no','female',2),
    (174,'giksw','bsrha','qrvng',NULL,'ME',7,'yes','male',3),
    (175,'yzyvd','vpanj','mdlsi',NULL,'ME',7,'no','other',4),
    (176,'rbhbn','jsmed','hpycv',NULL,'ME',6,'yes','female',1),
    (177,'zgylh','pzqbf','ebjfu',NULL,'ME',9,'no','male',2),
    (178,'qpmmj','pxvdy','ffbas',NULL,'ME',9,'yes','other',3),
    (179,'pnvmj','zfpnw','nhmmn',NULL,'ME',8,'no','female',4),
    (180,'zmrlm','wvgdg','icqii',NULL,'ME',6,'yes','male',1),
    (181,'mgttb','pqwax','pibts',NULL,'ME',9,'no','other',2),
    (182,'rluux','bqeid','tpujm',NULL,'ME',7,'yes','female',3),
    (183,'txjbo','nvabx','fuqjg',NULL,'ME',7,'no','male',4),
    (184,'lzhfo','fhqkm','zsmxw',NULL,'ME',7,'yes','other',1),
    (185,'umllr','dqrtk','yicid',NULL,'ME',6,'no','female',2),
    (186,'ofdao','noidl','xfrwd',NULL,'ME',6,'yes','male',3),
    (187,'dfvab','hglwv','lkopm',NULL,'ME',6,'no','other',4),
    (188,'xswrq','fcflh','tilkk',NULL,'ME',7,'yes','female',1),
    (189,'kzcoc','fhedp','iktqc',NULL,'ME',6,'no','male',2),
    (190,'grixx','lbfgs','qwzeq',NULL,'ME',8,'yes','other',3),
    (191,'rtgdd','rqffk','xkicf',NULL,'ME',7,'no','female',4),
    (192,'qxkfz','ukfuq','yidtw',NULL,'ME',8,'yes','male',1),
    (193,'zretp','opmhq','epkpx',NULL,'ME',8,'no','other',2),
    (194,'wnjmg','fhgqb','qrqre',NULL,'ME',8,'yes','female',3),
    (195,'bukex','xrvsl','pnxuz',NULL,'ME',9,'no','male',4),
    (196,'ytoeu','cbnck','ftmnz',NULL,'ME',9,'yes','other',1),
    (197,'kpoue','wmvku','gveiw',NULL,'ME',6,'no','female',2),
    (198,'etkfs','zknoa','qjutu',NULL,'ME',9,'yes','male',3),
    (199,'temzb','xrhna','dwlst',NULL,'ME',6,'no','other',4),
    (200,'zqaek','hnbzb','wmqkb',NULL,'ME',9,'yes','female',1),
    (201,'xadqr','jhqeq','temdj',NULL,'ME',7,'no','male',2),
    (202,'xnfhw','rplbp','vhlpj',NULL,'ME',8,'yes','other',3),
    (203,'fufmn','wyeai','cuhjl',NULL,'ME',6,'no','female',4),
    (204,'shiwo','atbhh','ptela',NULL,'ME',6,'yes','male',1),
    (205,'mumbo','pnxbk','xfixc',NULL,'ME',8,'no','other',2),
    (206,'nxkiy','tting','kxndb',NULL,'ME',8,'yes','female',3),
    (207,'xgnpq','vngms','uvwvg',NULL,'ME',6,'no','male',4),
    (208,'kwwuc','hccnu','libjr',NULL,'ME',7,'yes','other',1),
    (209,'obyvb','xygrr','lhyyh',NULL,'ME',8,'no','female',2),
    (210,'ppbig','jehqd','bbozh',NULL,'ME',6,'yes','male',3),
    (211,'hvcwc','lmxee','scwow',NULL,'ME',8,'no','other',4),
    (212,'wtzve','bemfl','zbqxk',NULL,'ME',6,'yes','female',1),
    (213,'mfwsw','fhegi','adgmn',NULL,'ME',9,'no','male',2),
    (214,'jeewz','tsrao','ggrbh',NULL,'ME',7,'yes','other',3),
    (215,'iqxrz','scrwu','seyok',NULL,'ME',8,'no','female',4),
    (216,'mcdzo','iywhd','ayirf',NULL,'ME',7,'yes','male',1),
    (217,'kbzmc','pzmpz','kkmms',NULL,'ME',7,'no','other',2),
    (218,'dspiq','htjas','ksfji',NULL,'ME',8,'yes','female',3),
    (219,'qcdvd','wruof','ajyfw',NULL,'ME',6,'no','male',4),
    (220,'lmfsp','fpqhx','rcgwf',NULL,'ME',7,'yes','other',1),
    (221,'zajin','brnnt','ynnvd',NULL,'ME',9,'no','female',2),
    (222,'vohxz','yplzy','hjozm',NULL,'ME',9,'yes','male',3),
    (223,'stbpn','batol','ethte',NULL,'ME',9,'no','other',4),
    (224,'ilxpx','xrteh','usywz',NULL,'ME',7,'yes','female',1),
    (225,'bzxux','gpsie','lqfmz',NULL,'ME',6,'no','male',2),
    (226,'nscsh','xcsxw','itmsm',NULL,'ME',7,'yes','other',3),
    (227,'cnbzr','qxeaf','estxh',NULL,'ME',6,'no','female',4),
    (228,'fiiyw','yaogw','qbcqa',NULL,'ME',6,'yes','male',1),
    (229,'kfxcg','ysipw','rngpk',NULL,'ME',6,'no','other',2),
    (230,'mzlml','hsmnc','lkvge',NULL,'ME',8,'yes','female',3),
    (231,'mwwpp','hturl','czmfg',NULL,'ME',9,'no','male',4),
    (232,'leqqd','qastr','kgzfo',NULL,'ME',9,'yes','other',1),
    (233,'gdxbf','pnyip','iqlzy',NULL,'ME',6,'no','female',2),
    (234,'lnjsp','yxiif','riaoi',NULL,'ME',7,'yes','male',3),
    (235,'bvsmv','vkyyz','xhnhy',NULL,'ME',9,'no','other',4),
    (236,'argea','pekcy','yyuiz',NULL,'ME',8,'yes','female',1),
    (237,'ujihj','iiizt','itzwp',NULL,'ME',9,'no','male',2),
    (238,'ttuya','bflti','qzvis',NULL,'ME',8,'yes','other',3),
    (239,'xvemt','frkvo','rient',NULL,'ME',8,'no','female',4),
    (240,'dhhqh','lguyo','ojjer',NULL,'ME',8,'yes','male',1),
    (241,'plivz','kbzfl','ejeai',NULL,'ME',9,'no','other',2),
    (242,'yhqwu','vcvsy','rwucr',NULL,'ME',8,'yes','female',3),
    (243,'fdzqd','dcmfo','hmtyc',NULL,'ME',7,'no','male',4),
    (244,'ylkyx','wxmwn','njojo',NULL,'ME',6,'yes','other',1),
    (245,'tzjuk','uksgk','jxrfo',NULL,'ME',7,'no','female',2),
    (246,'xfidi','ffcwy','dvayx',NULL,'ME',6,'yes','male',3),
    (247,'cgmnk','wjooi','gcnvg',NULL,'ME',7,'no','other',4),
    (248,'jifkg','vmccp','faore',NULL,'ME',8,'yes','female',1),
    (249,'dduji','nqfze','xwheb',NULL,'ME',8,'no','male',2),
    (250,'sisyd','utbzq','apzqd',NULL,'ME',7,'yes','other',3),
    (251,'xlrat','yygfd','exocj',NULL,'ME',8,'no','female',4),
    (252,'tbvxd','azpox','tgkxo',NULL,'ME',8,'yes','male',1),
    (253,'nkfya','ckpkt','ihzuw',NULL,'ME',9,'no','other',2),
    (254,'mjsal','mdfsd','ajwba',NULL,'ME',9,'yes','female',3),
    (255,'vtpbz','bxkxs','pgohy',NULL,'ME',9,'no','male',4),
    (256,'qrnvy','fnjpj','xgjgc',NULL,'ME',9,'yes','other',1),
    (257,'tfdgn','gmswr','nkijf',NULL,'ME',9,'no','female',2),
    (258,'cmwjq','dgyzy','wkjwj',NULL,'ME',8,'yes','male',3),
    (259,'omhbw','eothj','kxowr',NULL,'ME',9,'no','other',4),
    (260,'ozcjs','ccabj','bndwx',NULL,'ME',6,'yes','female',1),
    (261,'rybip','tciaz','zgcsm',NULL,'ME',9,'no','male',2),
    (262,'npcrr','rezjk','lokyr',NULL,'ME',8,'yes','other',3),
    (263,'taljt','vrgmu','pluap',NULL,'ME',8,'no','female',4),
    (264,'ldwxd','xbqkd','ranyw',NULL,'ME',9,'yes','male',1),
    (265,'dxdyc','uporm','puujw',NULL,'ME',6,'no','other',2),
    (266,'ixldr','akdts','zrwxc',NULL,'ME',8,'yes','female',3),
    (267,'xvcxf','ydfyl','lhvus',NULL,'ME',8,'no','male',4),
    (268,'ebgch','znmrt','lvfqn',NULL,'ME',7,'yes','other',1),
    (269,'rlpkd','pquyp','brlgw',NULL,'ME',8,'no','female',2),
    (270,'lnpll','yyemk','fwvni',NULL,'ME',7,'yes','male',3),
    (271,'fqxsi','hfful','meskh',NULL,'ME',7,'no','other',4),
    (272,'guome','bjokw','jbmlc',NULL,'ME',9,'yes','female',1),
    (273,'ppdgm','ttgpl','ywhrh',NULL,'ME',8,'no','male',2),
    (274,'rqezu','igfgn','uwvxp',NULL,'ME',6,'yes','other',3),
    (275,'maxas','afgwx','hqwqg',NULL,'ME',9,'no','female',4),
    (276,'xljnm','fmzpc','qzgfk',NULL,'ME',7,'yes','male',1),
    (277,'qeual','lsykb','pbqrs',NULL,'ME',7,'no','other',2),
    (278,'pvpfy','xwwnd','kuqhm',NULL,'ME',7,'yes','female',3),
    (279,'vtvtp','ojirq','kerls',NULL,'ME',7,'no','male',4),
    (280,'vhwcy','qigyb','ahzet',NULL,'ME',7,'yes','other',1),
    (281,'ypipo','lcxly','uaarv',NULL,'ME',9,'no','female',2),
    (282,'nnsjp','bdsop','zuzgh',NULL,'ME',9,'yes','male',3),
    (283,'qinfh','kookg','nvsue',NULL,'ME',7,'no','other',4),
    (284,'iteoj','anfpy','vwjph',NULL,'ME',6,'yes','female',1),
    (285,'xfpiu','ztjye','rzacd',NULL,'ME',6,'no','male',2),
    (286,'lipyu','cfieh','ozqat',NULL,'ME',8,'yes','other',3),
    (287,'bkdvz','zhnty','kcpjf',NULL,'ME',8,'no','female',4),
    (288,'qqpdx','tqhyx','zqhst',NULL,'ME',7,'yes','male',1),
    (289,'mwhbg','hlorc','flvte',NULL,'ME',6,'no','other',2),
    (290,'psrqw','snyux','jsbmp',NULL,'ME',6,'yes','female',3),
    (291,'hpemz','bwdtp','plztj',NULL,'ME',9,'no','male',4),
    (292,'duopk','ylkgw','oibed',NULL,'ME',9,'yes','other',1),
    (293,'ijwgs','cuwxb','hlrtv',NULL,'ME',6,'no','female',2),
    (294,'kkxpy','wijfb','oylze',NULL,'ME',6,'yes','male',3),
    (295,'cdvsx','wvwnb','jcdap',NULL,'ME',6,'no','other',4),
    (296,'snaim','vwnid','tpwyp',NULL,'ME',6,'yes','female',1),
    (297,'sbwfi','znphw','cvqex',NULL,'ME',8,'no','male',2),
    (298,'klmdb','uwqra','azysx',NULL,'ME',6,'yes','other',3),
    (299,'znlho','avwye','bpjuu',NULL,'ME',6,'no','female',4),
    (300,'zelrn','wxizi','wdweh',NULL,'ME',9,'yes','male',1),
    (301,'cysmg','zrjbm','zcgyl',NULL,'ME',7,'no','other',2),
    (302,'sjavc','yzuva','bdiuq',NULL,'ME',8,'yes','female',3),
    (303,'djokl','ethlp','mkyjm',NULL,'ME',6,'no','male',4),
    (304,'nkjvt','fdhcx','kmuca',NULL,'ME',8,'yes','other',1),
    (305,'ejobg','cyzpr','zpnmn',NULL,'ME',8,'no','female',2),
    (306,'eghcq','tqnur','jgqid',NULL,'ME',7,'yes','male',3),
    (307,'kimye','irnfu','abfez',NULL,'ME',7,'no','other',4),
    (308,'vjybf','asrrc','awyrg',NULL,'ME',7,'yes','female',1),
    (309,'oqtoj','ykiml','fxvox',NULL,'ME',6,'no','male',2),
    (310,'kphbd','fztif','hppyr',NULL,'ME',7,'yes','other',3),
    (311,'eedbm','vzfpt','gwmcy',NULL,'ME',9,'no','female',4),
    (312,'qvroe','emdjc','bfmfs',NULL,'ME',8,'yes','male',1),
    (313,'xjtca','qdxmn','nrtev',NULL,'ME',6,'no','other',2),
    (314,'pwrxg','jjpen','bpbfq',NULL,'ME',6,'yes','female',3),
    (315,'kpwpr','ngzsu','ubnbb',NULL,'ME',8,'no','male',4),
    (316,'dhctn','wdhbp','sdunj',NULL,'ME',7,'yes','other',1),
    (317,'mddls','xgqca','mqqol',NULL,'ME',9,'no','female',2),
    (318,'dajth','qlyez','rgxdp',NULL,'ME',7,'yes','male',3),
    (319,'itupe','togqw','bxvqz',NULL,'ME',6,'no','other',4),
    (320,'mjtvr','lcmqr','tusxp',NULL,'ME',9,'yes','female',1),
    (321,'ftdlp','zwfif','aqvai',NULL,'ME',6,'no','male',2),
    (322,'xbknz','tglxx','afzhn',NULL,'ME',9,'yes','other',3),
    (323,'azbwr','tymor','sncnm',NULL,'ME',7,'no','female',4),
    (324,'mafsg','qreue','zteqc',NULL,'ME',6,'yes','male',1),
    (325,'yqfkf','hxeug','embee',NULL,'ME',6,'no','other',2),
    (326,'vwtta','bixsw','ulncg',NULL,'ME',7,'yes','female',3),
    (327,'tobbh','gdyst','dvacj',NULL,'ME',7,'no','male',4),
    (328,'igjtx','mrsfi','icqaa',NULL,'ME',8,'yes','other',1),
    (329,'stzem','hpknz','vppam',NULL,'ME',8,'no','female',2),
    (330,'fhufg','rhnbq','aqlgq',NULL,'ME',6,'yes','male',3),
    (331,'zafyu','jjxdh','aoika',NULL,'ME',7,'no','other',4),
    (332,'ovsku','xyohl','vaopl',NULL,'ME',8,'yes','female',1),
    (333,'zmnkp','hjlhy','upxrw',NULL,'ME',9,'no','male',2),
    (334,'vhbuf','sgegv','lavdw',NULL,'ME',9,'yes','other',3),
    (335,'ogghf','esrow','qjvfz',NULL,'ME',9,'no','female',4),
    (336,'cyhak','ncdzf','flfyt',NULL,'ME',9,'yes','male',1),
    (337,'rdfti','bkflt','fadag',NULL,'ME',8,'no','other',2),
    (338,'jpbox','isfnf','plntp',NULL,'ME',7,'yes','female',3),
    (339,'myqrk','hncut','uocsc',NULL,'ME',6,'no','male',4),
    (340,'jgetl','yzrzc','vzmep',NULL,'ME',8,'yes','other',1),
    (341,'cirwr','ujhxo','fxycu',NULL,'ME',7,'no','female',2),
    (342,'gjnly','ugbpc','vwzfy',NULL,'ME',6,'yes','male',3),
    (343,'lghip','wsmbu','tytei',NULL,'ME',7,'no','other',4),
    (344,'wmrkg','jyzyo','lcowv',NULL,'ME',6,'yes','female',1),
    (345,'qapuw','ksvbk','tbggh',NULL,'ME',9,'no','male',2),
    (346,'enoot','ehznd','fiorm',NULL,'ME',7,'yes','other',3),
    (347,'duuux','uammo','adnce',NULL,'ME',7,'no','female',4),
    (348,'bwoux','lpuqc','dvlwv',NULL,'ME',7,'yes','male',1),
    (349,'fhawn','cvqds','titsd',NULL,'ME',8,'no','other',2),
    (350,'uswix','ysycr','vajtf',NULL,'ME',8,'yes','female',3),
    (351,'jfhnb','eadnm','etcke',NULL,'ME',8,'no','male',4),
    (352,'hjfdq','bykxu','cfdur',NULL,'ME',8,'yes','other',1),
    (353,'gswmi','hzeog','bcxsk',NULL,'ME',9,'no','female',2),
    (354,'ratjr','vqmgf','ewmza',NULL,'ME',9,'yes','male',3),
    (355,'ymbti','dkutt','dnxqm',NULL,'ME',6,'no','other',4),
    (356,'ddtpb','ydmlo','rtehd',NULL,'ME',9,'yes','female',1),
    (357,'uybpi','fiwhp','uiqlr',NULL,'ME',9,'no','male',2),
    (358,'hovnc','olmat','sswtt',NULL,'ME',6,'yes','other',3),
    (359,'ihbhg','nbmfx','xlarj',NULL,'ME',7,'no','female',4),
    (360,'ukddk','dnbxo','ukutf',NULL,'ME',9,'yes','male',1),
    (361,'aeuiv','pgunp','sszvz',NULL,'ME',9,'no','other',2),
    (362,'gtxzx','qwodz','eqocu',NULL,'ME',7,'yes','female',3),
    (363,'ybklo','opkja','arudz',NULL,'ME',9,'no','male',4),
    (364,'phlrt','goula','vijwb',NULL,'ME',9,'yes','other',1),
    (365,'bloob','fghwq','gbrok',NULL,'ME',8,'no','female',2),
    (366,'btgez','clabd','giqwa',NULL,'ME',6,'yes','male',3),
    (367,'ixxoj','pxokh','cdehe',NULL,'ME',6,'no','other',4),
    (368,'ordhx','cabnx','omkzz',NULL,'ME',7,'yes','female',1),
    (369,'wpxfr','jzssv','ycqdb',NULL,'ME',7,'no','male',2),
    (370,'oinhr','mhfdu','gqvjh',NULL,'ME',6,'yes','other',3),
    (371,'ykntb','ikahc','yprph',NULL,'ME',6,'no','female',4),
    (372,'fackf','tvsrn','ssmev',NULL,'ME',8,'yes','male',1),
    (373,'vpcoa','ecgwl','ejqav',NULL,'ME',6,'no','other',2),
    (374,'yihbk','xarfl','kubid',NULL,'ME',9,'yes','female',3),
    (375,'nmhyf','poqrf','vuens',NULL,'ME',8,'no','male',4),
    (376,'nipbj','xkdrr','otjpm',NULL,'ME',8,'yes','other',1),
    (377,'vyxks','vtrmr','bjzvg',NULL,'ME',9,'no','female',2),
    (378,'aylvw','rulyu','vtvsu',NULL,'ME',8,'yes','male',3),
    (379,'hfrhz','raequ','eajsv',NULL,'ME',7,'no','other',4),
    (380,'mdlzh','igwdy','fitiq',NULL,'ME',9,'yes','female',1),
    (381,'mcrlb','qlqpa','dwuzs',NULL,'ME',8,'no','male',2),
    (382,'rspbr','dggvw','dasdy',NULL,'ME',9,'yes','other',3),
    (383,'mzcdl','ftene','kyfzt',NULL,'ME',9,'no','female',4),
    (384,'ziajv','mbliu','rezaz',NULL,'ME',8,'yes','male',1),
    (385,'ugzia','drylr','gjuio',NULL,'ME',7,'no','other',2),
    (386,'hspcc','ahcgg','kobof',NULL,'ME',8,'yes','female',3),
    (387,'zagtk','okwix','kzvql',NULL,'ME',6,'no','male',4),
    (388,'gykzu','vajbo','fmrnt',NULL,'ME',9,'yes','other',1),
    (389,'iviag','szsjc','rcmrd',NULL,'ME',8,'no','female',2),
    (390,'ixojd','kkmqz','uqglp',NULL,'ME',7,'yes','male',3),
    (391,'fzytc','afgod','kbnvr',NULL,'ME',9,'no','other',4),
    (392,'jzgzi','mdenz','flknv',NULL,'ME',6,'yes','female',1),
    (393,'liyit','hxfgz','ifxau',NULL,'ME',9,'no','male',2),
    (394,'qsrtd','xpuyw','hdxyi',NULL,'ME',6,'yes','other',3),
    (395,'rfygv','lylvt','rrfab',NULL,'ME',7,'no','female',4),
    (396,'rqupy','wfico','qerbk',NULL,'ME',6,'yes','male',1),
    (397,'dzzzh','waxyu','orcln',NULL,'ME',9,'no','other',2),
    (398,'kbrpa','jnnfi','wcoth',NULL,'ME',6,'yes','female',3),
    (399,'ydvyr','qqbhp','xydmx',NULL,'ME',6,'no','male',4),
    (400,'jhvsm','uonzu','ofzkt',NULL,'ME',9,'yes','other',1),
    (401,'spkke','hdpoe','wcuef',NULL,'ME',6,'no','female',2),
    (402,'iebvk','nkpsb','uqnsj',NULL,'ME',7,'yes','male',3),
    (403,'lpgfm','qyzea','vsurv',NULL,'ME',8,'no','other',4),
    (404,'elkgp','lpjpg','hdevp',NULL,'ME',7,'yes','female',1),
    (405,'mvegy','rvcsz','taqpj',NULL,'ME',9,'no','male',2),
    (406,'doibs','zkbdq','vcglm',NULL,'ME',9,'yes','other',3),
    (407,'uzewh','ooiia','hzuzj',NULL,'ME',7,'no','female',4),
    (408,'wwykv','hafaf','upjsf',NULL,'ME',9,'yes','male',1),
    (409,'knmcc','fufbp','bxtpu',NULL,'ME',9,'no','other',2),
    (410,'nrmdc','qhapo','yulnc',NULL,'ME',8,'yes','female',3),
    (411,'yxjeu','ujpub','ivadd',NULL,'ME',8,'no','male',4),
    (412,'huxwp','azkcj','llvyt',NULL,'ME',8,'yes','other',1),
    (413,'lubbj','lgjnu','cnvoy',NULL,'ME',9,'no','female',2),
    (414,'dvmyd','tnmyy','xsgvs',NULL,'ME',6,'yes','male',3),
    (415,'gxoks','caull','hhpgh',NULL,'ME',9,'no','other',4),
    (416,'jpocn','bstdy','umprt',NULL,'ME',8,'yes','female',1),
    (417,'xscec','rhtsd','wkpgu',NULL,'ME',9,'no','male',2),
    (418,'oxksr','lajcu','iqhvu',NULL,'ME',9,'yes','other',3),
    (419,'woqna','npskj','ofqbj',NULL,'ME',6,'no','female',4),
    (420,'tpfyw','dlerh','tmcso',NULL,'ME',9,'yes','male',1),
    (421,'uohmk','ruvrz','hpbpe',NULL,'ME',8,'no','other',2),
    (422,'wbeqg','zlnsg','nhevk',NULL,'ME',9,'yes','female',3),
    (423,'ijcip','xlios','patur',NULL,'ME',8,'no','male',4),
    (424,'nyjpw','gnlcw','qfiau',NULL,'ME',9,'yes','other',1),
    (425,'cnncs','mppnc','cfckh',NULL,'ME',8,'no','female',2),
    (426,'dxhmn','yuupi','lxvvx',NULL,'ME',9,'yes','male',3),
    (427,'fwtqz','ikrlw','vlpui',NULL,'ME',6,'no','other',4),
    (428,'ymzwp','aqhzj','kufxi',NULL,'ME',8,'yes','female',1),
    (429,'nfwhg','dfqpo','xbgbb',NULL,'ME',9,'no','male',2),
    (430,'qlyqo','yoqvb','anmso',NULL,'ME',8,'yes','other',3),
    (431,'pdwxi','idvcc','vdhky',NULL,'ME',9,'no','female',4),
    (432,'mwqic','naglo','qlzhn',NULL,'ME',9,'yes','male',1),
    (433,'yjgiy','xqjcu','yozmd',NULL,'ME',9,'no','other',2),
    (434,'ismjk','hdqps','awaxc',NULL,'ME',7,'yes','female',3),
    (435,'pyrrh','tkjfg','rnkxq',NULL,'ME',7,'no','male',4),
    (436,'qkqhs','kxzus','edrvy',NULL,'ME',7,'yes','other',1),
    (437,'cmwvw','tlvxg','thdfd',NULL,'ME',7,'no','female',2),
    (438,'nahun','prvmc','sbpge',NULL,'ME',8,'yes','male',3),
    (439,'tabas','aiunq','edeya',NULL,'ME',8,'no','other',4),
    (440,'lsqwl','gginy','ptpdi',NULL,'ME',7,'yes','female',1),
    (441,'ggaan','wonda','nzwna',NULL,'ME',8,'no','male',2),
    (442,'fkdig','brqqt','bnosp',NULL,'ME',6,'yes','other',3),
    (443,'ucmyq','smgdu','snpsj',NULL,'ME',9,'no','female',4),
    (444,'sgpvk','jvfpw','eklah',NULL,'ME',7,'yes','male',1),
    (445,'wnzyz','xzrne','swdvv',NULL,'ME',6,'no','other',2),
    (446,'zxbex','lyyba','hvhni',NULL,'ME',8,'yes','female',3),
    (447,'tcjoo','ehknd','tpnrn',NULL,'ME',6,'no','male',4),
    (448,'hragp','mhdde','wdjbq',NULL,'ME',9,'yes','other',1),
    (449,'pcpyp','fxdmr','dvurl',NULL,'ME',9,'no','female',2),
    (450,'vfazc','rwstf','frbci',NULL,'ME',9,'yes','male',3),
    (451,'owauk','wycqw','izcdb',NULL,'ME',8,'no','other',4),
    (452,'csnpj','xnfpe','butiq',NULL,'ME',7,'yes','female',1),
    (453,'najsu','qpeyq','spadu',NULL,'ME',8,'no','male',2),
    (454,'npugn','vquzb','fvaoa',NULL,'ME',9,'yes','other',3),
    (455,'vrfnz','vpmgs','uypka',NULL,'ME',8,'no','female',4),
    (456,'aixpe','qwpeb','quybk',NULL,'ME',9,'yes','male',1),
    (457,'qwguv','rcjrz','yrxfq',NULL,'ME',9,'no','other',2),
    (458,'niaif','qlwzq','arcge',NULL,'ME',8,'yes','female',3),
    (459,'wteot','jlsda','pgvat',NULL,'ME',9,'no','male',4),
    (460,'tfhfj','zpmgs','rthbn',NULL,'ME',7,'yes','other',1),
    (461,'qpoqm','nrxmp','bemkw',NULL,'ME',9,'no','female',2),
    (462,'uzqtq','ezlrq','zjsax',NULL,'ME',6,'yes','male',3),
    (463,'takoy','zwaqt','jqwhx',NULL,'ME',7,'no','other',4),
    (464,'fbvxz','uvbai','qoqwe',NULL,'ME',9,'yes','female',1),
    (465,'jtuby','tqolj','qnkfs',NULL,'ME',9,'no','male',2),
    (466,'ltbgr','wdqed','ysvce',NULL,'ME',8,'yes','other',3),
    (467,'kgaob','tiyxf','knpyt',NULL,'ME',8,'no','female',4),
    (468,'fvjcx','zbuah','fiqrn',NULL,'ME',9,'yes','male',1),
    (469,'pvoxw','iwzmn','iljyz',NULL,'ME',9,'no','other',2),
    (470,'ryceg','qcpwb','cmtpb',NULL,'ME',6,'yes','female',3),
    (471,'kybzf','ccuwm','tbpnw',NULL,'ME',9,'no','male',4),
    (472,'gdmym','yeqpy','ulizg',NULL,'ME',7,'yes','other',1),
    (473,'dswhd','xprys','vggzn',NULL,'ME',8,'no','female',2),
    (474,'ofgrh','ikzjn','wktyv',NULL,'ME',8,'yes','male',3),
    (475,'dowgx','jiqeq','yhxah',NULL,'ME',8,'no','other',4),
    (476,'xgihl','cdpya','jbwkn',NULL,'ME',7,'yes','female',1),
    (477,'ofsiz','mjrbg','fssvs',NULL,'ME',8,'no','male',2),
    (478,'mkqna','zfpuf','vkfzl',NULL,'ME',7,'yes','other',3),
    (479,'zxnrw','wvhwa','cvluv',NULL,'ME',9,'no','female',4),
    (480,'qyaqr','bggsf','rdoqm',NULL,'ME',6,'yes','male',1),
    (481,'dgxwj','nkspq','vfkpb',NULL,'ME',9,'no','other',2),
    (482,'ytgua','gzcps','zmayb',NULL,'ME',7,'yes','female',3),
    (483,'ejemu','swnua','rlzxh',NULL,'ME',6,'no','male',4),
    (484,'xqcdy','rxagr','fvroz',NULL,'ME',8,'yes','other',1),
    (485,'idwgg','abdaj','bffqr',NULL,'ME',6,'no','female',2),
    (486,'hoymd','pfovk','pnzin',NULL,'ME',7,'yes','male',3),
    (487,'fwnrq','eilsu','lkxtu',NULL,'ME',7,'no','other',4),
    (488,'jqnmj','miezk','fabqq',NULL,'ME',9,'yes','female',1),
    (489,'kszqz','aqasf','bspxq',NULL,'ME',7,'no','male',2),
    (490,'hdkhp','awdxm','vetpx',NULL,'ME',8,'yes','other',3),
    (491,'picxp','alrpa','jclvm',NULL,'ME',9,'no','female',4),
    (492,'blfgc','nhfdp','bnkuo',NULL,'ME',8,'yes','male',1),
    (493,'kkuad','ngmps','fdqxt',NULL,'ME',6,'no','other',2),
    (494,'vderm','baysk','akigk',NULL,'ME',7,'yes','female',3),
    (495,'hsljf','zomqn','ssihl',NULL,'ME',8,'no','male',4),
    (496,'cjyom','ujvad','dnouv',NULL,'ME',7,'yes','other',1),
    (497,'ipanx','hxwnr','pkjgc',NULL,'ME',6,'no','female',2),
    (498,'nnvtu','dxrex','xuwtb',NULL,'ME',9,'yes','male',3),
    (499,'cpauj','bvjhg','ubhng',NULL,'ME',9,'no','other',4),
    (500,'hnmgk','ryokg','awqff',NULL,'ME',8,'yes','female',1),
    (501,'tynpk','hpbzp','xfytl',NULL,'ME',6,'no','male',2),
    (502,'idkie','pwyzy','pskzp',NULL,'ME',8,'yes','other',3),
    (503,'qkczs','rjzci','npcwm',NULL,'ME',8,'no','female',4),
    (504,'huaxx','nsuqo','dsung',NULL,'ME',8,'yes','male',1),
    (505,'zupei','umdtw','gonua',NULL,'ME',7,'no','other',2),
    (506,'xxgwq','vfvam','kabdy',NULL,'ME',8,'yes','female',3),
    (507,'mjlkc','ulqdm','oopbq',NULL,'ME',9,'no','male',4),
    (508,'xrdqv','qowpu','ztuql',NULL,'ME',9,'yes','other',1),
    (509,'scbvp','rnkqz','ilsvh',NULL,'ME',7,'no','female',2),
    (510,'egjka','hidjl','xwpgl',NULL,'ME',9,'yes','male',3),
    (511,'nfpra','bxdlh','vsjln',NULL,'ME',8,'no','other',4),
    (512,'gswwj','uozqe','gpnig',NULL,'ME',8,'yes','female',1),
    (513,'blfct','yajpb','xhlry',NULL,'ME',6,'no','male',2),
    (514,'btiii','iaocg','pjhbh',NULL,'ME',6,'yes','other',3),
    (515,'whjha','ubdqg','cesql',NULL,'ME',6,'no','female',4),
    (516,'stzyz','zrroy','dmesf',NULL,'ME',6,'yes','male',1),
    (517,'zkcal','qguyk','jmnwa',NULL,'ME',8,'no','other',2),
    (518,'secfx','tsrtj','uzmtq',NULL,'ME',6,'yes','female',3),
    (519,'cbkbf','nazzs','hpxat',NULL,'ME',8,'no','male',4),
    (520,'lxywy','mnjec','ozhgx',NULL,'ME',9,'yes','other',1),
    (521,'ddnea','gwqnd','iuvhu',NULL,'ME',7,'no','female',2),
    (522,'sfcta','tovmb','cdfum',NULL,'ME',9,'yes','male',3),
    (523,'xljql','upaqx','bbiod',NULL,'ME',7,'no','other',4),
    (524,'moqjj','wzoyp','bbflc',NULL,'ME',7,'yes','female',1),
    (525,'ukyup','cqrmx','ndyha',NULL,'ME',6,'no','male',2),
    (526,'wvdxp','kraxk','czwfs',NULL,'ME',9,'yes','other',3),
    (527,'nmsbv','zfkun','qwigu',NULL,'ME',7,'no','female',4),
    (528,'tkszp','nggyv','kaqpo',NULL,'ME',7,'yes','male',1),
    (529,'ljcgm','fqduu','dgpnr',NULL,'ME',9,'no','other',2),
    (530,'diwjm','pluzn','sugzz',NULL,'ME',6,'yes','female',3),
    (531,'gcfrj','lccrl','zzskd',NULL,'ME',7,'no','male',4),
    (532,'bxgsw','xwdwh','uflkb',NULL,'ME',7,'yes','other',1),
    (533,'wnaro','chowk','hmkqj',NULL,'ME',7,'no','female',2),
    (534,'zngrg','snbnd','qpfyi',NULL,'ME',6,'yes','male',3),
    (535,'oonhx','jqfhu','ezvbo',NULL,'ME',8,'no','other',4),
    (536,'kggdj','fkygb','ioimk',NULL,'ME',8,'yes','female',1),
    (537,'cdhbe','xmrzp','ijdtf',NULL,'ME',9,'no','male',2),
    (538,'oznmi','tbqhv','isxlc',NULL,'ME',7,'yes','other',3),
    (539,'qpqxg','fnfjf','fqddp',NULL,'ME',7,'no','female',4),
    (540,'ntooq','rawjk','mwgrh',NULL,'ME',8,'yes','male',1),
    (541,'sxwxb','iwfsu','ascnm',NULL,'ME',6,'no','other',2),
    (542,'lftjl','ryqma','zbjek',NULL,'ME',7,'yes','female',3),
    (543,'qfsmt','lmwal','hxtzp',NULL,'ME',6,'no','male',4),
    (544,'csuam','vhzkx','ysqpv',NULL,'ME',8,'yes','other',1),
    (545,'rgijd','vepfo','vaolc',NULL,'ME',6,'no','female',2),
    (546,'qqxsp','kubgo','icvbs',NULL,'ME',7,'yes','male',3),
    (547,'lduja','nixgc','tabxv',NULL,'ME',8,'no','other',4),
    (548,'lftba','lrygi','piedk',NULL,'ME',7,'yes','female',1),
    (549,'umvio','jaxpp','iumuw',NULL,'ME',8,'no','male',2),
    (550,'zyhmg','lxtau','pfvyi',NULL,'ME',6,'yes','other',3),
    (551,'vacca','kcqnz','tzprc',NULL,'ME',8,'no','female',4),
    (552,'qycol','vahcj','tjoxw',NULL,'ME',9,'yes','male',1),
    (553,'xegtt','ygejk','eggve',NULL,'ME',9,'no','other',2),
    (554,'fcitu','yrdfx','ersaf',NULL,'ME',6,'yes','female',3),
    (555,'joqre','fqqra','htegd',NULL,'ME',6,'no','male',4),
    (556,'lwvwo','ftcms','lwdij',NULL,'ME',9,'yes','other',1),
    (557,'vxoei','szrfd','brfdc',NULL,'ME',8,'no','female',2),
    (558,'kcgst','wpkif','tmabu',NULL,'ME',8,'yes','male',3),
    (559,'cztiq','koiue','nixhx',NULL,'ME',9,'no','other',4),
    (560,'rmnwv','glxdr','vzcfn',NULL,'ME',9,'yes','female',1),
    (561,'ioypx','byvus','bvwlu',NULL,'ME',8,'no','male',2),
    (562,'bmwto','xmoml','xepsf',NULL,'ME',7,'yes','other',3),
    (563,'iiuzd','qidaj','pbcwh',NULL,'ME',7,'no','female',4),
    (564,'espio','pdase','ombfy',NULL,'ME',6,'yes','male',1),
    (565,'goddb','utpqm','woeve',NULL,'ME',7,'no','other',2),
    (566,'okoyf','spxzl','xlfef',NULL,'ME',7,'yes','female',3),
    (567,'aguac','qmfus','oghrz',NULL,'ME',6,'no','male',4),
    (568,'ltqcb','qoghr','gduei',NULL,'ME',8,'yes','other',1),
    (569,'picwm','sbkiq','rldxe',NULL,'ME',6,'no','female',2),
    (570,'rjgjr','olnry','ldhgm',NULL,'ME',6,'yes','male',3),
    (571,'wfkxc','fkuvf','tiqvf',NULL,'ME',8,'no','other',4),
    (572,'hqkpp','tjvig','bwsbr',NULL,'ME',6,'yes','female',1),
    (573,'ezxue','wnlve','suxgq',NULL,'ME',7,'no','male',2),
    (574,'mzptq','snwyj','xwuco',NULL,'ME',7,'yes','other',3),
    (575,'qahqf','pbahx','belrx',NULL,'ME',8,'no','female',4),
    (576,'fuulb','aoyad','cmyyr',NULL,'ME',8,'yes','male',1),
    (577,'nhiyh','klhvu','jnint',NULL,'ME',9,'no','other',2),
    (578,'hzqdr','tcajx','nptpk',NULL,'ME',6,'yes','female',3),
    (579,'xqcnw','odthb','gjvju',NULL,'ME',6,'no','male',4),
    (580,'xwhme','icdrk','fdyee',NULL,'ME',8,'yes','other',1),
    (581,'japly','yyfhh','lorie',NULL,'ME',7,'no','female',2),
    (582,'qzmyp','cwhht','utxyk',NULL,'ME',7,'yes','male',3),
    (583,'aljuv','wyksm','xbdnz',NULL,'ME',8,'no','other',4),
    (584,'jjsek','xuggu','adbvp',NULL,'ME',9,'yes','female',1),
    (585,'wnzsm','odnvd','vozgh',NULL,'ME',7,'no','male',2),
    (586,'xohxb','hmkao','rtfwr',NULL,'ME',6,'yes','other',3),
    (587,'ytnes','hdean','oohjk',NULL,'ME',7,'no','female',4),
    (588,'zajol','ksbzn','naorr',NULL,'ME',9,'yes','male',1),
    (589,'cqqvw','etrkv','nkqzd',NULL,'ME',9,'no','other',2),
    (590,'dkbjy','lwuxy','kspgn',NULL,'ME',7,'yes','female',3),
    (591,'rhzty','lehfg','etavp',NULL,'ME',7,'no','male',4),
    (592,'qarjk','tgwia','zvlzo',NULL,'ME',9,'yes','other',1),
    (593,'dwhkc','zxnuy','jnkcf',NULL,'ME',9,'no','female',2),
    (594,'boqqt','gumvy','ulmdq',NULL,'ME',7,'yes','male',3),
    (595,'wqmbl','wtobv','mmeey',NULL,'ME',9,'no','other',4),
    (596,'spgxt','xdzba','bxtvi',NULL,'ME',7,'yes','female',1),
    (597,'ywrpu','haasi','xxjdp',NULL,'ME',7,'no','male',2),
    (598,'zhgqp','hnpym','vkdcm',NULL,'ME',8,'yes','other',3),
    (599,'apvfv','plgfj','fuupr',NULL,'ME',9,'no','female',4),
    (600,'coyev','fhovl','tzlfl',NULL,'ME',6,'yes','male',1),
    (601,'ueyqy','vqgzq','uxkfg',NULL,'ME',7,'no','other',2),
    (602,'yhhgs','xtvue','idqdd',NULL,'ME',9,'yes','female',3),
    (603,'lpcyg','zgpol','uywtp',NULL,'ME',8,'no','male',4),
    (604,'tygrm','jmjvg','wcwyt',NULL,'ME',6,'yes','other',1),
    (605,'bctrw','bhpaz','ckrrx',NULL,'ME',6,'no','female',2),
    (606,'xyyak','ztjpo','mgvkw',NULL,'ME',6,'yes','male',3),
    (607,'dylbt','sqmxl','umxwn',NULL,'ME',7,'no','other',4),
    (608,'grpnl','kwwqm','xtpin',NULL,'ME',9,'yes','female',1),
    (609,'zctgq','etwbo','tyebf',NULL,'ME',8,'no','male',2),
    (610,'ujure','dvcqv','tioti',NULL,'ME',6,'yes','other',3),
    (611,'bnvzt','umjyb','itvjj',NULL,'ME',7,'no','female',4),
    (612,'jbmeg','ivgiz','btcpu',NULL,'ME',7,'yes','male',1),
    (613,'lqpyo','dfjsa','lcmlx',NULL,'ME',6,'no','other',2),
    (614,'uvtif','hozkp','akmzp',NULL,'ME',7,'yes','female',3),
    (615,'koasi','tviqk','eyaqm',NULL,'ME',9,'no','male',4),
    (616,'olsds','snwid','lqilb',NULL,'ME',6,'yes','other',1),
    (617,'uhpfy','auirg','ztlvq',NULL,'ME',9,'no','female',2),
    (618,'ddqhx','bulcx','pvypm',NULL,'ME',6,'yes','male',3),
    (619,'ktopq','cywdt','jyuok',NULL,'ME',9,'no','other',4),
    (620,'xyidn','ijnlz','pksok',NULL,'ME',6,'yes','female',1),
    (621,'ezplc','vsogo','faafs',NULL,'ME',9,'no','male',2),
    (622,'hfwdo','phnjw','wvcfq',NULL,'ME',8,'yes','other',3),
    (623,'jjksk','rfxiz','vgkhk',NULL,'ME',7,'no','female',4),
    (624,'zolrh','cnijy','jhcpr',NULL,'ME',6,'yes','male',1),
    (625,'gjdqh','cmvqe','ghisx',NULL,'ME',8,'no','other',2),
    (626,'cfalv','ozmjk','uqjnb',NULL,'ME',9,'yes','female',3),
    (627,'tjksi','uapva','kqwjb',NULL,'ME',7,'no','male',4),
    (628,'hofzy','ulycq','vaykn',NULL,'ME',8,'yes','other',1),
    (629,'ftuup','ycuni','blgug',NULL,'ME',7,'no','female',2),
    (630,'lzvxb','jixwq','druhb',NULL,'ME',7,'yes','male',3),
    (631,'lvbza','csdjk','dylxa',NULL,'ME',8,'no','other',4),
    (632,'pfbvu','lwhlk','fifgt',NULL,'ME',6,'yes','female',1),
    (633,'utecb','ifoac','ikkrc',NULL,'ME',8,'no','male',2),
    (634,'fredv','pwcve','xvcwr',NULL,'ME',8,'yes','other',3),
    (635,'ifaeu','moigr','yfsqq',NULL,'ME',7,'no','female',4),
    (636,'vcfpc','gfmht','juzjs',NULL,'ME',9,'yes','male',1),
    (637,'wchuq','dizwi','ghwcq',NULL,'ME',7,'no','other',2),
    (638,'msdoi','scodk','ctgeh',NULL,'ME',8,'yes','female',3),
    (639,'yqdcj','cmjci','yhpfv',NULL,'ME',9,'no','male',4),
    (640,'fjtug','uicez','immmk',NULL,'ME',8,'yes','other',1),
    (641,'qfrzy','ermof','ktnxh',NULL,'ME',9,'no','female',2),
    (642,'igltw','xhiwu','blqfa',NULL,'ME',6,'yes','male',3),
    (643,'wpofq','zinud','rgppn',NULL,'ME',8,'no','other',4),
    (644,'erxab','lrcfw','svesx',NULL,'ME',7,'yes','female',1),
    (645,'hooec','bkmxj','ltyju',NULL,'ME',6,'no','male',2),
    (646,'kulam','aumuk','fqeju',NULL,'ME',8,'yes','other',3),
    (647,'qytts','ijcpv','cmqxe',NULL,'ME',7,'no','female',4),
    (648,'qlnnd','edqvz','vsngw',NULL,'ME',7,'yes','male',1),
    (649,'texqs','sagko','aseqj',NULL,'ME',6,'no','other',2),
    (650,'xwyax','dowth','feejv',NULL,'ME',6,'yes','female',3),
    (651,'xngos','golhy','qurix',NULL,'ME',7,'no','male',4),
    (652,'zmlhd','jslos','olnwb',NULL,'ME',8,'yes','other',1),
    (653,'admmq','iccki','kegwt',NULL,'ME',6,'no','female',2),
    (654,'igoqy','uhlcn','atkyd',NULL,'ME',8,'yes','male',3),
    (655,'bptkm','ggqvk','wvfse',NULL,'ME',7,'no','other',4),
    (656,'uvyoh','neyzv','whtvj',NULL,'ME',7,'yes','female',1),
    (657,'iyhak','exibj','vmmhw',NULL,'ME',6,'no','male',2),
    (658,'akwiw','xdowd','cyutm',NULL,'ME',8,'yes','other',3),
    (659,'hwdim','nwggp','javij',NULL,'ME',6,'no','female',4),
    (660,'ocpwt','scwxj','jjpej',NULL,'ME',6,'yes','male',1),
    (661,'nmwui','qzykz','ynsfp',NULL,'ME',7,'no','other',2),
    (662,'lhtye','wxzod','ccsih',NULL,'ME',9,'yes','female',3),
    (663,'wljwd','libfu','atami',NULL,'ME',8,'no','male',4),
    (664,'dikhu','ynwck','ztwlk',NULL,'ME',6,'yes','other',1),
    (665,'zpqoz','rmjsi','kqjiu',NULL,'ME',7,'no','female',2),
    (666,'vjlpx','lsjmp','tvxwr',NULL,'ME',7,'yes','male',3),
    (667,'jhmal','pkoxo','ntjgk',NULL,'ME',6,'no','other',4),
    (668,'deyha','swvtt','uhsnr',NULL,'ME',7,'yes','female',1),
    (669,'brcja','snjnz','fzhye',NULL,'ME',7,'no','male',2),
    (670,'raoip','avibf','upghg',NULL,'ME',7,'yes','other',3),
    (671,'ligcs','xvhbh','lkqgr',NULL,'ME',8,'no','female',4),
    (672,'vjgtn','snrzm','aqnpf',NULL,'ME',6,'yes','male',1),
    (673,'ibzqb','szyml','hfmwu',NULL,'ME',9,'no','other',2),
    (674,'dxrad','lgkjl','mqcwr',NULL,'ME',8,'yes','female',3),
    (675,'eeqzr','pvpdd','mrkhc',NULL,'ME',9,'no','male',4),
    (676,'vopjr','zhcsw','wzpzt',NULL,'ME',6,'yes','other',1),
    (677,'qzcmk','hgnme','rffah',NULL,'ME',6,'no','female',2),
    (678,'wnsme','ywkxp','gcwyx',NULL,'ME',8,'yes','male',3),
    (679,'ffuxw','vkfiu','iunfd',NULL,'ME',8,'no','other',4),
    (680,'jqlmd','lcpmo','yanto',NULL,'ME',9,'yes','female',1),
    (681,'evgtj','mljsu','sothh',NULL,'ME',6,'no','male',2),
    (682,'buymw','yljjr','eqgxc',NULL,'ME',9,'yes','other',3),
    (683,'nosbq','xjfxb','hwphi',NULL,'ME',9,'no','female',4),
    (684,'vcxya','wnqpm','ozips',NULL,'ME',8,'yes','male',1),
    (685,'kfcvw','spifp','vrqmn',NULL,'ME',9,'no','other',2),
    (686,'zqogj','xboqj','hoanv',NULL,'ME',9,'yes','female',3),
    (687,'fgnnq','kryvz','vifiw',NULL,'ME',7,'no','male',4),
    (688,'tbzhs','utksj','effwm',NULL,'ME',8,'yes','other',1),
    (689,'bjrwq','xjhaf','kolqm',NULL,'ME',7,'no','female',2),
    (690,'gldvi','riftp','yzmys',NULL,'ME',9,'yes','male',3),
    (691,'vqriv','hfdzb','tfotb',NULL,'ME',6,'no','other',4),
    (692,'rdnnp','zoous','msiej',NULL,'ME',7,'yes','female',1),
    (693,'yedxh','kkore','tcyev',NULL,'ME',8,'no','male',2),
    (694,'eodxj','uphfr','itvkl',NULL,'ME',9,'yes','other',3),
    (695,'lzhpz','cttrz','ambqt',NULL,'ME',8,'no','female',4),
    (696,'obeqg','ybdoe','msjjd',NULL,'ME',7,'yes','male',1),
    (697,'veioy','twrln','xwarg',NULL,'ME',6,'no','other',2),
    (698,'kglla','hvuwx','mdysg',NULL,'ME',6,'yes','female',3),
    (699,'qjebn','ijjrq','tczfb',NULL,'ME',8,'no','male',4),
    (700,'dubay','dexdy','bbqap',NULL,'ME',7,'yes','other',1),
    (701,'suqjq','nhyqu','xerkl',NULL,'ME',8,'no','female',2),
    (702,'zgyqj','ovazh','qofvf',NULL,'ME',6,'yes','male',3),
    (703,'eosus','jyzjz','jrgco',NULL,'ME',8,'no','other',4),
    (704,'qukjd','lmydp','xmhyw',NULL,'ME',7,'yes','female',1),
    (705,'qypiw','eanzi','lvpfr',NULL,'ME',7,'no','male',2),
    (706,'ddasa','ylynm','xabdi',NULL,'ME',8,'yes','other',3),
    (707,'cfivw','rpimo','kxtux',NULL,'ME',6,'no','female',4),
    (708,'dwtbr','gmfeo','xxrqv',NULL,'ME',8,'yes','male',1),
    (709,'wnhyy','eryzo','bocqg',NULL,'ME',8,'no','other',2),
    (710,'okzry','yuyom','werdz',NULL,'ME',8,'yes','female',3),
    (711,'mbtyn','ygqxj','ndtpx',NULL,'ME',9,'no','male',4),
    (712,'clgwn','tiqtm','ahdej',NULL,'ME',9,'yes','other',1),
    (713,'lyygk','cktyz','ejfds',NULL,'ME',7,'no','female',2),
    (714,'bkfxe','qzokt','lsdsf',NULL,'ME',9,'yes','male',3),
    (715,'bqehj','ijfif','odhur',NULL,'ME',7,'no','other',4),
    (716,'qftlm','wffhk','knzgl',NULL,'ME',7,'yes','female',1),
    (717,'awzkk','kvyoe','oivff',NULL,'ME',9,'no','male',2),
    (718,'uvjxu','trhqp','anhus',NULL,'ME',8,'yes','other',3),
    (719,'urqhc','nyzzc','jdrde',NULL,'ME',9,'no','female',4),
    (720,'ilaxr','pbbaa','gtcqw',NULL,'ME',6,'yes','male',1),
    (721,'emfql','dimxl','pwiqh',NULL,'ME',7,'no','other',2),
    (722,'klprt','vlpjm','yclkh',NULL,'ME',8,'yes','female',3),
    (723,'lndcg','gtpnp','mhihf',NULL,'ME',9,'no','male',4),
    (724,'aaqrd','ypnwc','egizy',NULL,'ME',8,'yes','other',1),
    (725,'tpwgy','jasqf','tilkw',NULL,'ME',9,'no','female',2),
    (726,'czxty','inplc','wcfda',NULL,'ME',9,'yes','male',3),
    (727,'tovnb','xskgs','gxzal',NULL,'ME',8,'no','other',4),
    (728,'tjlph','iwcjy','rxcyh',NULL,'ME',9,'yes','female',1),
    (729,'ukzuc','dtgjn','jmltu',NULL,'ME',6,'no','male',2),
    (730,'evwbu','klhso','hegbg',NULL,'ME',8,'yes','other',3),
    (731,'snswl','uhebq','yihqg',NULL,'ME',9,'no','female',4),
    (732,'pzisl','lxnds','cgduv',NULL,'ME',8,'yes','male',1),
    (733,'akpno','wjbtm','kvcdz',NULL,'ME',7,'no','other',2),
    (734,'uokxv','ziisp','rybqc',NULL,'ME',6,'yes','female',3),
    (735,'drltn','bvism','vxzzi',NULL,'ME',8,'no','male',4),
    (736,'lelax','hmbyj','lqlod',NULL,'ME',8,'yes','other',1),
    (737,'aovve','xebos','yvzzo',NULL,'ME',8,'no','female',2),
    (738,'nepiz','afrwi','koiib',NULL,'ME',9,'yes','male',3),
    (739,'scrap','lkgga','tmmfe',NULL,'ME',9,'no','other',4),
    (740,'mloac','obspl','rpmrj',NULL,'ME',8,'yes','female',1),
    (741,'uzwna','awalb','tyrxc',NULL,'ME',8,'no','male',2),
    (742,'mcksn','impjs','uswvr',NULL,'ME',7,'yes','other',3),
    (743,'gvrny','cenrj','onqep',NULL,'ME',8,'no','female',4),
    (744,'wbgfb','tnqcz','zfkqj',NULL,'ME',8,'yes','male',1),
    (745,'qapeq','lfppp','ouxfx',NULL,'ME',6,'no','other',2),
    (746,'ftfjx','vjqkm','fgcol',NULL,'ME',6,'yes','female',3),
    (747,'debei','vwvvr','bofkz',NULL,'ME',8,'no','male',4),
    (748,'mtljc','kcxsl','abhca',NULL,'ME',9,'yes','other',1),
    (749,'gwzqv','ozkpp','lktbt',NULL,'ME',7,'no','female',2),
    (750,'tzrke','yjust','izidz',NULL,'ME',6,'yes','male',3),
    (751,'tzcbg','odikf','gdtkz',NULL,'ME',7,'no','other',4),
    (752,'toxmh','vgwmg','ekryx',NULL,'ME',6,'yes','female',1),
    (753,'hlesi','tsxus','vjikw',NULL,'ME',6,'no','male',2),
    (754,'wfmal','sssir','euful',NULL,'ME',9,'yes','other',3),
    (755,'rcnge','ajuae','ymcuc',NULL,'ME',6,'no','female',4),
    (756,'cdvqp','fpkmc','lpfve',NULL,'ME',6,'yes','male',1),
    (757,'beifl','lzmng','okzbw',NULL,'ME',6,'no','other',2),
    (758,'afbfx','lilms','tevmo',NULL,'ME',6,'yes','female',3),
    (759,'kjkih','tmmqw','ixbux',NULL,'ME',9,'no','male',4),
    (760,'azgmb','pvsrp','sldil',NULL,'ME',9,'yes','other',1),
    (761,'dptkl','atygu','ezyhg',NULL,'ME',6,'no','female',2),
    (762,'ezcyv','hvnts','xzzdd',NULL,'ME',8,'yes','male',3),
    (763,'eatyq','nntkl','equum',NULL,'ME',6,'no','other',4),
    (764,'ewnbg','xqlwi','mxauu',NULL,'ME',9,'yes','female',1),
    (765,'bjjzv','emvov','rpwap',NULL,'ME',8,'no','male',2),
    (766,'sjjrf','bjkjt','wcnvb',NULL,'ME',9,'yes','other',3),
    (767,'ejlyg','qtjaf','tyyif',NULL,'ME',8,'no','female',4),
    (768,'ekfnm','ftimo','tlthp',NULL,'ME',7,'yes','male',1),
    (769,'hslfv','potam','ykbij',NULL,'ME',8,'no','other',2),
    (770,'lawse','zlcuk','wvbzu',NULL,'ME',9,'yes','female',3),
    (771,'nayhr','apoyj','jfzji',NULL,'ME',8,'no','male',4),
    (772,'vsnjp','nocbf','qivdw',NULL,'ME',9,'yes','other',1),
    (773,'dkgmy','tpndi','cgelz',NULL,'ME',6,'no','female',2),
    (774,'ompyc','wvvac','ttixw',NULL,'ME',9,'yes','male',3),
    (775,'tmgez','bzsyw','hcgdz',NULL,'ME',7,'no','other',4),
    (776,'awfrm','grpnp','pquuq',NULL,'ME',7,'yes','female',1),
    (777,'iocic','xsgtw','nuydh',NULL,'ME',6,'no','male',2),
    (778,'lbhzb','njzdi','nztli',NULL,'ME',9,'yes','other',3),
    (779,'kxdno','qdvww','shncg',NULL,'ME',7,'no','female',4),
    (780,'vbwox','dxtsc','jmaxq',NULL,'ME',6,'yes','male',1),
    (781,'ehnaz','qpfbg','fqwma',NULL,'ME',6,'no','other',2),
    (782,'xamrg','tbxzd','idrmh',NULL,'ME',8,'yes','female',3),
    (783,'epwky','tpvwi','vnbpb',NULL,'ME',8,'no','male',4),
    (784,'ptkbn','oujdc','rnrry',NULL,'ME',7,'yes','other',1),
    (785,'tobmx','jncpi','tlqii',NULL,'ME',9,'no','female',2),
    (786,'wjimu','igkbi','djmiw',NULL,'ME',7,'yes','male',3),
    (787,'jjrgf','grezh','gpkes',NULL,'ME',6,'no','other',4),
    (788,'hwcuw','wbwan','dyesx',NULL,'ME',7,'yes','female',1),
    (789,'ohfjz','oidzu','vbyyx',NULL,'ME',8,'no','male',2),
    (790,'rrccw','sqvwc','lcwct',NULL,'ME',9,'yes','other',3),
    (791,'swtru','uymww','ahooh',NULL,'ME',6,'no','female',4),
    (792,'fveky','cnnua','udpxv',NULL,'ME',7,'yes','male',1),
    (793,'cwytz','orpjb','dpwny',NULL,'ME',6,'no','other',2),
    (794,'gedfn','tegcz','unlhe',NULL,'ME',9,'yes','female',3),
    (795,'nahzv','lgxrc','qnlde',NULL,'ME',8,'no','male',4),
    (796,'iglvp','cyklm','hkont',NULL,'ME',6,'yes','other',1),
    (797,'lylnk','mykwp','lnnxs',NULL,'ME',6,'no','female',2),
    (798,'gdgqn','vcgmj','iozfd',NULL,'ME',8,'yes','male',3),
    (799,'lteui','cpytw','pupfb',NULL,'ME',6,'no','other',4),
    (800,'iyhta','hojky','yeggb',NULL,'ME',8,'yes','female',1),
    (801,'kdfew','chpph','dkzfe',NULL,'ME',8,'no','male',2),
    (802,'qasdj','fzcvx','hxehi',NULL,'ME',7,'yes','other',3),
    (803,'qiqin','ymdna','btgbd',NULL,'ME',8,'no','female',4),
    (804,'owdsn','kkged','gbmyn',NULL,'ME',7,'yes','male',1),
    (805,'rhdjr','yihfp','tlcfs',NULL,'ME',6,'no','other',2),
    (806,'ocscc','bujvx','frhkg',NULL,'ME',9,'yes','female',3),
    (807,'kwpib','kvdpf','htnyt',NULL,'ME',6,'no','male',4),
    (808,'spfgb','oigmy','ztfew',NULL,'ME',7,'yes','other',1),
    (809,'jelch','ytfwh','vveru',NULL,'ME',9,'no','female',2),
    (810,'hitqj','fzdyc','troiy',NULL,'ME',6,'yes','male',3),
    (811,'djrnh','msaqe','oaojg',NULL,'ME',9,'no','other',4),
    (812,'ptygs','llvjv','tsxge',NULL,'ME',7,'yes','female',1),
    (813,'gstes','tpflc','vyvnm',NULL,'ME',6,'no','male',2),
    (814,'uxrew','phmod','npptn',NULL,'ME',7,'yes','other',3),
    (815,'phpxo','xpihl','kcdra',NULL,'ME',8,'no','female',4),
    (816,'lpdtb','ehmgc','dkbup',NULL,'ME',7,'yes','male',1),
    (817,'rcwrx','gvpmm','biksd',NULL,'ME',8,'no','other',2),
    (818,'kapyk','pllmt','odiwp',NULL,'ME',6,'yes','female',3),
    (819,'ecuoj','zjdzb','uyuoe',NULL,'ME',6,'no','male',4),
    (820,'ddzfk','qxaju','dhnum',NULL,'ME',8,'yes','other',1),
    (821,'cxqlk','vueum','wbrgr',NULL,'ME',8,'no','female',2),
    (822,'xpxhc','ajcbo','aunqm',NULL,'ME',6,'yes','male',3),
    (823,'gzjtl','xrbfa','doqif',NULL,'ME',8,'no','other',4),
    (824,'zdvep','hznjs','mobxb',NULL,'ME',6,'yes','female',1),
    (825,'lkuyw','czxil','rrxgg',NULL,'ME',7,'no','male',2),
    (826,'anmhz','ygpqv','mtipg',NULL,'ME',9,'yes','other',3),
    (827,'atpgj','iigsf','jpfsi',NULL,'ME',7,'no','female',4),
    (828,'wivhr','mqbgk','qgkfs',NULL,'ME',6,'yes','male',1),
    (829,'puubm','lrwst','kmups',NULL,'ME',6,'no','other',2),
    (830,'yjosl','sdzbc','anflt',NULL,'ME',8,'yes','female',3),
    (831,'vpwgl','awqpv','lujrs',NULL,'ME',9,'no','male',4),
    (832,'tucpq','pxjxl','qkpcr',NULL,'ME',8,'yes','other',1),
    (833,'iqtdb','ayhbr','saool',NULL,'ME',6,'no','female',2),
    (834,'xurjm','xolbx','ewwao',NULL,'ME',6,'yes','male',3),
    (835,'zqjds','gicmu','sgwxe',NULL,'ME',8,'no','other',4),
    (836,'lawwg','btnpz','tmfjd',NULL,'ME',7,'yes','female',1),
    (837,'qsddt','tixed','pqbtk',NULL,'ME',9,'no','male',2),
    (838,'tsubd','xuxks','wqsvj',NULL,'ME',6,'yes','other',3),
    (839,'qifdm','iuwzn','enrfe',NULL,'ME',6,'no','female',4),
    (840,'abjfx','tgmlh','tepxl',NULL,'ME',8,'yes','male',1),
    (841,'snrld','nuenl','sdcoy',NULL,'ME',7,'no','other',2),
    (842,'vdsud','fizxc','skpdf',NULL,'ME',6,'yes','female',3),
    (843,'pubay','avllj','utnim',NULL,'ME',8,'no','male',4),
    (844,'cevsx','cfxzs','gmrvl',NULL,'ME',9,'yes','other',1),
    (845,'eokqh','yaezb','grczu',NULL,'ME',6,'no','female',2),
    (846,'gynpp','zawrt','xmles',NULL,'ME',7,'yes','male',3),
    (847,'aletq','vkoyq','zjtdt',NULL,'ME',9,'no','other',4),
    (848,'mrnps','yvecr','eiglz',NULL,'ME',7,'yes','female',1),
    (849,'wrjeg','mzzqn','rdigu',NULL,'ME',7,'no','male',2),
    (850,'vviwu','cqjcz','zjphw',NULL,'ME',9,'yes','other',3),
    (851,'rcted','pchjf','iqzvi',NULL,'ME',9,'no','female',4),
    (852,'mrvyq','kzydq','dfiyx',NULL,'ME',7,'yes','male',1),
    (853,'nrkbb','vkonl','enkfc',NULL,'ME',9,'no','other',2),
    (854,'sedyj','hvedk','domcf',NULL,'ME',8,'yes','female',3),
    (855,'eyuho','lymux','jfrmv',NULL,'ME',6,'no','male',4),
    (856,'gctec','cnwcu','oioig',NULL,'ME',9,'yes','other',1),
    (857,'dqeuv','hbryh','irzfs',NULL,'ME',9,'no','female',2),
    (858,'xupqb','gelnj','rtjyq',NULL,'ME',6,'yes','male',3),
    (859,'gwjbl','ljzbe','egyhd',NULL,'ME',7,'no','other',4),
    (860,'ogewp','xhdfc','dmkpc',NULL,'ME',6,'yes','female',1),
    (861,'wyczl','yxjhg','ehisr',NULL,'ME',7,'no','male',2),
    (862,'gctog','otsap','uzhnm',NULL,'ME',9,'yes','other',3),
    (863,'vwgjy','jhpuc','qdtlt',NULL,'ME',9,'no','female',4),
    (864,'utods','xcrhi','aifln',NULL,'ME',7,'yes','male',1),
    (865,'vzdqu','awhmw','nxeap',NULL,'ME',7,'no','other',2),
    (866,'xqngh','idcvg','ljctw',NULL,'ME',9,'yes','female',3),
    (867,'rzsiu','bbwep','eflan',NULL,'ME',7,'no','male',4),
    (868,'dnene','usoxl','efgdu',NULL,'ME',9,'yes','other',1),
    (869,'vsfuw','gzkue','hdxdx',NULL,'ME',6,'no','female',2),
    (870,'zcllf','wzkpg','vnsbm',NULL,'ME',9,'yes','male',3),
    (871,'utiun','xopbx','reuyw',NULL,'ME',6,'no','other',4),
    (872,'fbfqc','ooxza','hrwgb',NULL,'ME',9,'yes','female',1),
    (873,'bojut','nqmqm','ickuj',NULL,'ME',6,'no','male',2),
    (874,'hxxlz','bdwze','hksri',NULL,'ME',9,'yes','other',3),
    (875,'gbocg','kfpux','neesf',NULL,'ME',8,'no','female',4),
    (876,'juqfl','cildy','rmauh',NULL,'ME',9,'yes','male',1),
    (877,'xgnna','orxos','ubsmz',NULL,'ME',6,'no','other',2),
    (878,'bvbju','pfrbu','sxbet',NULL,'ME',7,'yes','female',3),
    (879,'ofskn','yrkhr','omzqy',NULL,'ME',9,'no','male',4),
    (880,'wriux','qawbw','mlgwh',NULL,'ME',9,'yes','other',1),
    (881,'xrzbz','lhgcl','gbjtt',NULL,'ME',7,'no','female',2),
    (882,'zxmpm','ghugz','bjhdt',NULL,'ME',8,'yes','male',3),
    (883,'vknjr','dmvjf','zvoww',NULL,'ME',7,'no','other',4),
    (884,'xnvkx','ttvzs','welky',NULL,'ME',9,'yes','female',1),
    (885,'qxpol','qpjbk','jdkbi',NULL,'ME',8,'no','male',2),
    (886,'cxfec','regiq','rxdax',NULL,'ME',8,'yes','other',3),
    (887,'vtfks','ksbzo','gpulr',NULL,'ME',8,'no','female',4),
    (888,'hchtu','uqhsk','khwsh',NULL,'ME',9,'yes','male',1),
    (889,'wsetf','xfrab','yntfh',NULL,'ME',6,'no','other',2),
    (890,'czlol','xptbd','lpvwv',NULL,'ME',7,'yes','female',3),
    (891,'gbhpx','zirwo','plpce',NULL,'ME',7,'no','male',4),
    (892,'nfatk','oblsa','qsgjy',NULL,'ME',9,'yes','other',1),
    (893,'xoycb','afsdi','fvwat',NULL,'ME',8,'no','female',2),
    (894,'zueds','ydryj','erigq',NULL,'ME',6,'yes','male',3),
    (895,'jvglw','jmlnq','pbiug',NULL,'ME',7,'no','other',4),
    (896,'jyrmb','udbll','xtbte',NULL,'ME',7,'yes','female',1),
    (897,'qrojq','wdvyn','oxjxl',NULL,'ME',6,'no','male',2),
    (898,'ynbbv','vtbii','vhbvn',NULL,'ME',6,'yes','other',3),
    (899,'dsghp','qdjux','nlnaz',NULL,'ME',8,'no','female',4),
    (900,'lzuoi','qobvd','ynxyj',NULL,'ME',9,'yes','male',1),
    (901,'wysir','ngpph','dhyhn',NULL,'ME',6,'no','other',2),
    (902,'axfjw','voelo','ogvsz',NULL,'ME',7,'yes','female',3),
    (903,'tqwqn','ppxxc','igxib',NULL,'ME',6,'no','male',4),
    (904,'jvlek','liexk','sukuj',NULL,'ME',8,'yes','other',1),
    (905,'ettdo','pxbsb','oofap',NULL,'ME',7,'no','female',2),
    (906,'qtvsh','ekumk','hjbsk',NULL,'ME',6,'yes','male',3),
    (907,'czizg','xdkcj','dmsqx',NULL,'ME',7,'no','other',4),
    (908,'rbjzq','djbxs','xkumg',NULL,'ME',7,'yes','female',1),
    (909,'btjvd','hhlmu','tdleq',NULL,'ME',9,'no','male',2),
    (910,'ytpvs','sooon','gjfbf',NULL,'ME',6,'yes','other',3),
    (911,'zcvom','cexht','uscyi',NULL,'ME',7,'no','female',4),
    (912,'jskdz','snluk','uthmd',NULL,'ME',8,'yes','male',1),
    (913,'fehri','yltaw','wwndg',NULL,'ME',8,'no','other',2),
    (914,'vagge','uwajs','akccy',NULL,'ME',6,'yes','female',3),
    (915,'nzutu','ewvtv','ihxfm',NULL,'ME',8,'no','male',4),
    (916,'bxjtr','fntbl','audnq',NULL,'ME',9,'yes','other',1),
    (917,'enoie','ifpkq','dvrgd',NULL,'ME',8,'no','female',2),
    (918,'fsxqd','stfhf','cpxkj',NULL,'ME',7,'yes','male',3),
    (919,'zalbk','iirqo','dcura',NULL,'ME',6,'no','other',4),
    (920,'dyrqn','takjr','gdafe',NULL,'ME',8,'yes','female',1),
    (921,'babxz','pvyrc','phbie',NULL,'ME',6,'no','male',2),
    (922,'jipuq','dgnwc','iifex',NULL,'ME',8,'yes','other',3),
    (923,'vuqvc','uyjlw','mgdwn',NULL,'ME',8,'no','female',4),
    (924,'okqjt','swghd','ijmgc',NULL,'ME',8,'yes','male',1),
    (925,'nnizn','pvbyn','gnigd',NULL,'ME',7,'no','other',2),
    (926,'ncurw','lhyub','gjysz',NULL,'ME',9,'yes','female',3),
    (927,'ftwmy','jqsyk','rlsru',NULL,'ME',7,'no','male',4),
    (928,'ndiof','qmyzj','vabkg',NULL,'ME',9,'yes','other',1),
    (929,'ucbop','nafqj','jhcyd',NULL,'ME',8,'no','female',2),
    (930,'xdwmf','lptig','cfqbw',NULL,'ME',6,'yes','male',3),
    (931,'ktwtx','kpjyi','ccbyq',NULL,'ME',9,'no','other',4),
    (932,'tuiql','nbqkd','zwdpb',NULL,'ME',8,'yes','female',1),
    (933,'dbvwj','scull','yuswn',NULL,'ME',6,'no','male',2),
    (934,'llxku','plvqv','vnqve',NULL,'ME',7,'yes','other',3),
    (935,'nvngo','wvqaf','juqar',NULL,'ME',9,'no','female',4),
    (936,'jecuk','rzugh','frhog',NULL,'ME',6,'yes','male',1),
    (937,'mlhtu','nombm','wrdns',NULL,'ME',8,'no','other',2),
    (938,'nqgwk','tbgle','ooyih',NULL,'ME',6,'yes','female',3),
    (939,'uthug','bkgva','cgzxn',NULL,'ME',9,'no','male',4),
    (940,'gudnh','kkccf','kfbqa',NULL,'ME',8,'yes','other',1),
    (941,'bkpcg','jnjuc','irrnl',NULL,'ME',6,'no','female',2),
    (942,'hbtxa','xyayx','nhgnt',NULL,'ME',6,'yes','male',3),
    (943,'ukiad','flcud','adzyz',NULL,'ME',9,'no','other',4),
    (944,'byudn','rffba','oqhuk',NULL,'ME',8,'yes','female',1),
    (945,'lykzs','yzird','oxdpm',NULL,'ME',8,'no','male',2),
    (946,'bvngz','wjpcp','pvbzg',NULL,'ME',8,'yes','other',3),
    (947,'jlolp','gyosc','oxeij',NULL,'ME',8,'no','female',4),
    (948,'nhvea','xozec','rbuiq',NULL,'ME',6,'yes','male',1),
    (949,'tveyr','aqgok','bkaex',NULL,'ME',6,'no','other',2),
    (950,'rjtnk','kgihd','shdbo',NULL,'ME',6,'yes','female',3),
    (951,'tceqr','azxft','xfioi',NULL,'ME',8,'no','male',4),
    (952,'eeesc','dbien','nqyye',NULL,'ME',8,'yes','other',1),
    (953,'vfmaz','rxurr','kjuso',NULL,'ME',6,'no','female',2),
    (954,'jyoey','gmrof','bcken',NULL,'ME',8,'yes','male',3),
    (955,'cxgeu','ctmue','jzyaf',NULL,'ME',7,'no','other',4),
    (956,'ranyh','utdvj','djymt',NULL,'ME',6,'yes','female',1),
    (957,'xlmfr','rokpc','rgwtf',NULL,'ME',7,'no','male',2),
    (958,'utlhc','iavte','dbkeh',NULL,'ME',7,'yes','other',3),
    (959,'xkmww','vvywn','fllpp',NULL,'ME',9,'no','female',4),
    (960,'mrjpw','rsbkl','nhvvc',NULL,'ME',6,'yes','male',1),
    (961,'vtcpt','tpilv','kpxsy',NULL,'ME',7,'no','other',2),
    (962,'impjh','xsjsn','fgzkm',NULL,'ME',9,'yes','female',3),
    (963,'afcvl','psnie','utpko',NULL,'ME',7,'no','male',4),
    (964,'slmah','pvdnp','ospfr',NULL,'ME',9,'yes','other',1),
    (965,'ajmdt','tmbtm','figjj',NULL,'ME',7,'no','female',2),
    (966,'xvcot','xepmm','iudgv',NULL,'ME',9,'yes','male',3),
    (967,'ptwrp','edduc','lpfjb',NULL,'ME',7,'no','other',4),
    (968,'vquhj','orxvf','mlkjf',NULL,'ME',9,'yes','female',1),
    (969,'yverp','yckxu','gksdw',NULL,'ME',8,'no','male',2),
    (970,'lasck','xauri','bmhyx',NULL,'ME',6,'yes','other',3),
    (971,'shjfo','wytdu','akhti',NULL,'ME',6,'no','female',4),
    (972,'qhyna','awlpz','ciyep',NULL,'ME',9,'yes','male',1),
    (973,'tunsv','eqrkk','jdtdy',NULL,'ME',6,'no','other',2),
    (974,'zcokt','txpvr','scpcx',NULL,'ME',6,'yes','female',3),
    (975,'vpxnz','mgwvi','vddhr',NULL,'ME',7,'no','male',4),
    (976,'hzgvp','oqxcb','pvzzt',NULL,'ME',7,'yes','other',1),
    (977,'lwwtm','nxrbw','fkqjj',NULL,'ME',6,'no','female',2),
    (978,'dcgbi','ecxmy','gwtpc',NULL,'ME',9,'yes','male',3),
    (979,'afzhy','rmboc','mrqed',NULL,'ME',6,'no','other',4),
    (980,'qpfkq','fzanu','mnpcl',NULL,'ME',7,'yes','female',1),
    (981,'fzsqr','gnqpc','ebzky',NULL,'ME',6,'no','male',2),
    (982,'psnvo','dnevb','qcjqf',NULL,'ME',7,'yes','other',3),
    (983,'tkcll','ahbvr','utgrr',NULL,'ME',7,'no','female',4),
    (984,'davcd','vsnxq','vipqc',NULL,'ME',8,'yes','male',1),
    (985,'cckjp','mvath','ryyyc',NULL,'ME',6,'no','other',2),
    (986,'xbkxu','mvjqq','rpfps',NULL,'ME',7,'yes','female',3),
    (987,'irzne','smsns','fsgrc',NULL,'ME',8,'no','male',4),
    (988,'prxap','fxcgz','bdrut',NULL,'ME',8,'yes','other',1),
    (989,'gbyqm','cnlxa','aavxt',NULL,'ME',8,'no','female',2),
    (990,'hpvcs','rqajk','tnyur',NULL,'ME',7,'yes','male',3),
    (991,'dktvz','fasir','lzvul',NULL,'ME',6,'no','other',4),
    (992,'wkwgl','aptcy','bcayo',NULL,'ME',9,'yes','female',1),
    (993,'wnnys','wrqjv','szger',NULL,'ME',7,'no','male',2),
    (994,'fmcfa','udxyk','vejzv',NULL,'ME',7,'yes','other',3),
    (995,'biqbp','onxxk','sddil',NULL,'ME',9,'no','female',4),
    (996,'cpufc','fbmtw','ktouz',NULL,'ME',6,'yes','male',1),
    (997,'hjgcr','aihdp','kmdmi',NULL,'ME',6,'no','other',2),
    (998,'hrlbn','nxtda','rkyla',NULL,'ME',9,'yes','female',3),
    (999,'rjgng','vjpuf','oxezh',NULL,'ME',8,'no','male',4);

    CREATE INDEX IND ON STUDENT (student_first_name);
    DROP INDEX IND ON STUDENT;

    CREATE TABLE CSE as (select * from student where dept = 'CSE');
    CREATE TABLE EE as (select * from student where dept = 'EE');
    CREATE TABLE ME as (select * from student where dept = 'ME');
    CREATE TABLE CE as (select * from student where dept = 'CE');
    CREATE TABLE CVE as (select * from student where dept = 'CVE');
    CREATE TABLE MSE as (select * from student where dept = 'MSE');

    CREATE INDEX student_index ON student (student_first_name,student_middle_name,student_last_name);
    CREATE INDEX placement_index ON placement (company_name);
    CREATE INDEX intership_index ON internship (company_name);
    CREATE INDEX opportunity_index ON opportunity (opp_title);
    CREATE INDEX point_of_contact_index ON point_of_contact(opp_id);
    CREATE INDEX selection_procedure_index ON selection_procedure(round_number,round_type);
    CREATE INDEX requirements_index ON requirements(min_cpi_req,opp_status,program_req, dept_req);
    CREATE INDEX application_index ON application(student_id);
    CREATE INDEX app_opp_index ON app_opp(student_id,status);
    
    select * from (select  round_type, round_venue_link, round_number, opp_id, t1.company_id, company_name from (select round_type, round_venue_link, round_number, selection_procedure.opp_id, company_id from selection_procedure inner join opportunity on selection_procedure.opp_id = opportunity.opp_id) as t1 inner join company on company.company_id = t1.company_id) as t2 where t2.opp_id in (select OPP__ID from app_opp  where student_id = 1);
    
    select * from selection_procedure;
